--------------------------------------------------------
--  File created - Friday-January-27-2023   
--------------------------------------------------------
--------------------------------------------------------
--  DDL for Sequence ADRESS
--------------------------------------------------------

   CREATE SEQUENCE  "BADAGRB01"."ADRESS"  MINVALUE 1 MAXVALUE 9999999999999999999999999999 INCREMENT BY 1 START WITH 141 CACHE 20 NOORDER  NOCYCLE  NOKEEP  NOSCALE  GLOBAL ;
--------------------------------------------------------
--  DDL for Sequence AUDYCJAS
--------------------------------------------------------

   CREATE SEQUENCE  "BADAGRB01"."AUDYCJAS"  MINVALUE 1 MAXVALUE 9999999999999999999999999999 INCREMENT BY 1 START WITH 41 CACHE 20 NOORDER  NOCYCLE  NOKEEP  NOSCALE  GLOBAL ;
--------------------------------------------------------
--  DDL for Sequence AUTORS
--------------------------------------------------------

   CREATE SEQUENCE  "BADAGRB01"."AUTORS"  MINVALUE 1 MAXVALUE 9999999999999999999999999999 INCREMENT BY 1 START WITH 21 CACHE 20 NOORDER  NOCYCLE  NOKEEP  NOSCALE  GLOBAL ;
--------------------------------------------------------
--  DDL for Sequence GATUNEKS
--------------------------------------------------------

   CREATE SEQUENCE  "BADAGRB01"."GATUNEKS"  MINVALUE 1 MAXVALUE 9999999999999999999999999999 INCREMENT BY 1 START WITH 21 CACHE 20 NOORDER  NOCYCLE  NOKEEP  NOSCALE  GLOBAL ;
--------------------------------------------------------
--  DDL for Sequence GOSCS
--------------------------------------------------------

   CREATE SEQUENCE  "BADAGRB01"."GOSCS"  MINVALUE 1 MAXVALUE 9999999999999999999999999999 INCREMENT BY 1 START WITH 21 CACHE 20 NOORDER  NOCYCLE  NOKEEP  NOSCALE  GLOBAL ;
--------------------------------------------------------
--  DDL for Sequence NAGRANIES
--------------------------------------------------------

   CREATE SEQUENCE  "BADAGRB01"."NAGRANIES"  MINVALUE 1 MAXVALUE 9999999999999999999999999999 INCREMENT BY 1 START WITH 21 CACHE 20 NOORDER  NOCYCLE  NOKEEP  NOSCALE  GLOBAL ;
--------------------------------------------------------
--  DDL for Sequence PRACOWNIKS
--------------------------------------------------------

   CREATE SEQUENCE  "BADAGRB01"."PRACOWNIKS"  MINVALUE 1 MAXVALUE 9999999999999999999999999999 INCREMENT BY 1 START WITH 61 CACHE 20 NOORDER  NOCYCLE  NOKEEP  NOSCALE  GLOBAL ;
--------------------------------------------------------
--  DDL for Sequence REKLAMODAWCAS
--------------------------------------------------------

   CREATE SEQUENCE  "BADAGRB01"."REKLAMODAWCAS"  MINVALUE 1 MAXVALUE 9999999999999999999999999999 INCREMENT BY 1 START WITH 21 CACHE 20 NOORDER  NOCYCLE  NOKEEP  NOSCALE  GLOBAL ;
--------------------------------------------------------
--  DDL for Sequence ROZGLOSNIES
--------------------------------------------------------

   CREATE SEQUENCE  "BADAGRB01"."ROZGLOSNIES"  MINVALUE 1 MAXVALUE 9999999999999999999999999999 INCREMENT BY 1 START WITH 21 CACHE 20 NOORDER  NOCYCLE  NOKEEP  NOSCALE  GLOBAL ;
--------------------------------------------------------
--  DDL for Sequence SPRZETS
--------------------------------------------------------

   CREATE SEQUENCE  "BADAGRB01"."SPRZETS"  MINVALUE 1 MAXVALUE 9999999999999999999999999999 INCREMENT BY 1 START WITH 21 CACHE 20 NOORDER  NOCYCLE  NOKEEP  NOSCALE  GLOBAL ;
--------------------------------------------------------
--  DDL for Sequence STANOWISKOS
--------------------------------------------------------

   CREATE SEQUENCE  "BADAGRB01"."STANOWISKOS"  MINVALUE 1 MAXVALUE 9999999999999999999999999999 INCREMENT BY 1 START WITH 21 CACHE 20 NOORDER  NOCYCLE  NOKEEP  NOSCALE  GLOBAL ;
--------------------------------------------------------
--  DDL for Sequence WLASCICIELS
--------------------------------------------------------

   CREATE SEQUENCE  "BADAGRB01"."WLASCICIELS"  MINVALUE 1 MAXVALUE 9999999999999999999999999999 INCREMENT BY 1 START WITH 21 CACHE 20 NOORDER  NOCYCLE  NOKEEP  NOSCALE  GLOBAL ;
--------------------------------------------------------
--  DDL for Table ADRESY
--------------------------------------------------------

  CREATE TABLE "BADAGRB01"."ADRESY" 
   (	"NR_ADRESU" NUMBER(*,0), 
	"MIASTO" VARCHAR2(30 BYTE), 
	"ULICA" VARCHAR2(30 BYTE), 
	"NR_LOKALU" VARCHAR2(4 BYTE)
   ) SEGMENT CREATION IMMEDIATE 
  PCTFREE 10 PCTUSED 40 INITRANS 1 MAXTRANS 255 
 NOCOMPRESS LOGGING
  STORAGE(INITIAL 65536 NEXT 1048576 MINEXTENTS 1 MAXEXTENTS 2147483645
  PCTINCREASE 0 FREELISTS 1 FREELIST GROUPS 1
  BUFFER_POOL DEFAULT FLASH_CACHE DEFAULT CELL_FLASH_CACHE DEFAULT)
  TABLESPACE "USERS" ;

   COMMENT ON COLUMN "BADAGRB01"."ADRESY"."NR_ADRESU" IS 'Unikatowy identyfikator adresu';
--------------------------------------------------------
--  DDL for Table AUDYCJE
--------------------------------------------------------

  CREATE TABLE "BADAGRB01"."AUDYCJE" 
   (	"NR_AUDYCJI" NUMBER(*,0), 
	"DATA" DATE, 
	"FORMAT" VARCHAR2(50 BYTE), 
	"CZAS_TRWANIA" VARCHAR2(10 BYTE), 
	"NR_ROZGLOSNI" NUMBER(*,0)
   ) SEGMENT CREATION IMMEDIATE 
  PCTFREE 10 PCTUSED 40 INITRANS 1 MAXTRANS 255 
 NOCOMPRESS LOGGING
  STORAGE(INITIAL 65536 NEXT 1048576 MINEXTENTS 1 MAXEXTENTS 2147483645
  PCTINCREASE 0 FREELISTS 1 FREELIST GROUPS 1
  BUFFER_POOL DEFAULT FLASH_CACHE DEFAULT CELL_FLASH_CACHE DEFAULT)
  TABLESPACE "USERS" ;
--------------------------------------------------------
--  DDL for Table AUTORZY
--------------------------------------------------------

  CREATE TABLE "BADAGRB01"."AUTORZY" 
   (	"NR_AUTORA" NUMBER(*,0), 
	"NAZWA" VARCHAR2(30 BYTE), 
	"DEBIUT" DATE, 
	"WYTWORNIA" VARCHAR2(40 BYTE), 
	"LICZBA_CZLONKOW" NUMBER(*,0), 
	"NR_ROZGLOSNI" NUMBER(*,0)
   ) SEGMENT CREATION IMMEDIATE 
  PCTFREE 10 PCTUSED 40 INITRANS 1 MAXTRANS 255 
 NOCOMPRESS LOGGING
  STORAGE(INITIAL 65536 NEXT 1048576 MINEXTENTS 1 MAXEXTENTS 2147483645
  PCTINCREASE 0 FREELISTS 1 FREELIST GROUPS 1
  BUFFER_POOL DEFAULT FLASH_CACHE DEFAULT CELL_FLASH_CACHE DEFAULT)
  TABLESPACE "USERS" ;
--------------------------------------------------------
--  DDL for Table GATUNKI
--------------------------------------------------------

  CREATE TABLE "BADAGRB01"."GATUNKI" 
   (	"NR_GATUNKU" NUMBER(*,0), 
	"NAZWA" VARCHAR2(30 BYTE), 
	"NR_ROZGLOSNI" NUMBER(*,0)
   ) SEGMENT CREATION IMMEDIATE 
  PCTFREE 10 PCTUSED 40 INITRANS 1 MAXTRANS 255 
 NOCOMPRESS LOGGING
  STORAGE(INITIAL 65536 NEXT 1048576 MINEXTENTS 1 MAXEXTENTS 2147483645
  PCTINCREASE 0 FREELISTS 1 FREELIST GROUPS 1
  BUFFER_POOL DEFAULT FLASH_CACHE DEFAULT CELL_FLASH_CACHE DEFAULT)
  TABLESPACE "USERS" ;

   COMMENT ON TABLE "BADAGRB01"."GATUNKI"  IS 'Gatunki muzyczne, relacja słownikowa, DOBRY PRZYKŁAD DENORMALIZACJI (ale to potem, dodaję żeby nie zapomnieć)';
--------------------------------------------------------
--  DDL for Table GOSCIE
--------------------------------------------------------

  CREATE TABLE "BADAGRB01"."GOSCIE" 
   (	"NR_GOSCIA" NUMBER(*,0), 
	"IMIE" VARCHAR2(20 BYTE), 
	"NAZWISKO" VARCHAR2(30 BYTE), 
	"PSEUDONIM" VARCHAR2(30 BYTE), 
	"EMAIL" VARCHAR2(40 BYTE), 
	"NR_TELEFONU" VARCHAR2(15 BYTE), 
	"NR_ROZGLOSNI" NUMBER(*,0)
   ) SEGMENT CREATION IMMEDIATE 
  PCTFREE 10 PCTUSED 40 INITRANS 1 MAXTRANS 255 
 NOCOMPRESS LOGGING
  STORAGE(INITIAL 65536 NEXT 1048576 MINEXTENTS 1 MAXEXTENTS 2147483645
  PCTINCREASE 0 FREELISTS 1 FREELIST GROUPS 1
  BUFFER_POOL DEFAULT FLASH_CACHE DEFAULT CELL_FLASH_CACHE DEFAULT)
  TABLESPACE "USERS" ;
--------------------------------------------------------
--  DDL for Table GOSCIE_AUDYCJE
--------------------------------------------------------

  CREATE TABLE "BADAGRB01"."GOSCIE_AUDYCJE" 
   (	"NR_GOSCIA" NUMBER(*,0), 
	"NR_AUDYCJI" NUMBER(*,0)
   ) SEGMENT CREATION IMMEDIATE 
  PCTFREE 10 PCTUSED 40 INITRANS 1 MAXTRANS 255 
 NOCOMPRESS LOGGING
  STORAGE(INITIAL 65536 NEXT 1048576 MINEXTENTS 1 MAXEXTENTS 2147483645
  PCTINCREASE 0 FREELISTS 1 FREELIST GROUPS 1
  BUFFER_POOL DEFAULT FLASH_CACHE DEFAULT CELL_FLASH_CACHE DEFAULT)
  TABLESPACE "USERS" ;
--------------------------------------------------------
--  DDL for Table NAGRANIA
--------------------------------------------------------

  CREATE TABLE "BADAGRB01"."NAGRANIA" 
   (	"NR_NAGRANIA" NUMBER(*,0), 
	"CZAS_TRWANIA" VARCHAR2(10 BYTE), 
	"TYTUL" VARCHAR2(30 BYTE), 
	"NR_ROZGLOSNI" NUMBER(*,0)
   ) SEGMENT CREATION IMMEDIATE 
  PCTFREE 10 PCTUSED 40 INITRANS 1 MAXTRANS 255 
 NOCOMPRESS LOGGING
  STORAGE(INITIAL 65536 NEXT 1048576 MINEXTENTS 1 MAXEXTENTS 2147483645
  PCTINCREASE 0 FREELISTS 1 FREELIST GROUPS 1
  BUFFER_POOL DEFAULT FLASH_CACHE DEFAULT CELL_FLASH_CACHE DEFAULT)
  TABLESPACE "USERS" ;
--------------------------------------------------------
--  DDL for Table NAGRANIE_AUDYCJA
--------------------------------------------------------

  CREATE TABLE "BADAGRB01"."NAGRANIE_AUDYCJA" 
   (	"NR_NAGRANIA" NUMBER(*,0), 
	"NR_AUDYCJI" NUMBER(*,0)
   ) SEGMENT CREATION IMMEDIATE 
  PCTFREE 10 PCTUSED 40 INITRANS 1 MAXTRANS 255 
 NOCOMPRESS LOGGING
  STORAGE(INITIAL 65536 NEXT 1048576 MINEXTENTS 1 MAXEXTENTS 2147483645
  PCTINCREASE 0 FREELISTS 1 FREELIST GROUPS 1
  BUFFER_POOL DEFAULT FLASH_CACHE DEFAULT CELL_FLASH_CACHE DEFAULT)
  TABLESPACE "USERS" ;
--------------------------------------------------------
--  DDL for Table PRACOWNICY
--------------------------------------------------------

  CREATE TABLE "BADAGRB01"."PRACOWNICY" 
   (	"NR_PRACOWNIKA" NUMBER(*,0), 
	"IMIE" VARCHAR2(20 BYTE), 
	"NAZWISKO" VARCHAR2(30 BYTE), 
	"DATA_URODZENIA" DATE, 
	"PESEL" CHAR(11 BYTE), 
	"PLEC" CHAR(1 BYTE), 
	"DATA_ZATRUDNIENIA" DATE, 
	"NR_KONTA" CHAR(26 BYTE), 
	"EMAIL" VARCHAR2(40 BYTE), 
	"NR_TELEFONU" VARCHAR2(15 BYTE), 
	"NR_ROZGLOSNI" NUMBER(*,0), 
	"NR_ADRESU" NUMBER(*,0), 
	"NR_STANOWISKA" NUMBER(*,0)
   ) SEGMENT CREATION IMMEDIATE 
  PCTFREE 10 PCTUSED 40 INITRANS 1 MAXTRANS 255 
 NOCOMPRESS LOGGING
  STORAGE(INITIAL 65536 NEXT 1048576 MINEXTENTS 1 MAXEXTENTS 2147483645
  PCTINCREASE 0 FREELISTS 1 FREELIST GROUPS 1
  BUFFER_POOL DEFAULT FLASH_CACHE DEFAULT CELL_FLASH_CACHE DEFAULT)
  TABLESPACE "USERS" ;
--------------------------------------------------------
--  DDL for Table PRACOWNICY_AUDYCJE
--------------------------------------------------------

  CREATE TABLE "BADAGRB01"."PRACOWNICY_AUDYCJE" 
   (	"NR_PRACOWNIKA" NUMBER(*,0), 
	"NR_AUDYCJI" NUMBER(*,0)
   ) SEGMENT CREATION IMMEDIATE 
  PCTFREE 10 PCTUSED 40 INITRANS 1 MAXTRANS 255 
 NOCOMPRESS LOGGING
  STORAGE(INITIAL 65536 NEXT 1048576 MINEXTENTS 1 MAXEXTENTS 2147483645
  PCTINCREASE 0 FREELISTS 1 FREELIST GROUPS 1
  BUFFER_POOL DEFAULT FLASH_CACHE DEFAULT CELL_FLASH_CACHE DEFAULT)
  TABLESPACE "USERS" ;
--------------------------------------------------------
--  DDL for Table PRACOWNICY_SPRZETY
--------------------------------------------------------

  CREATE TABLE "BADAGRB01"."PRACOWNICY_SPRZETY" 
   (	"NR_PRACOWNIKA" NUMBER(*,0), 
	"NR_SPRZETU" NUMBER(*,0)
   ) SEGMENT CREATION IMMEDIATE 
  PCTFREE 10 PCTUSED 40 INITRANS 1 MAXTRANS 255 
 NOCOMPRESS LOGGING
  STORAGE(INITIAL 65536 NEXT 1048576 MINEXTENTS 1 MAXEXTENTS 2147483645
  PCTINCREASE 0 FREELISTS 1 FREELIST GROUPS 1
  BUFFER_POOL DEFAULT FLASH_CACHE DEFAULT CELL_FLASH_CACHE DEFAULT)
  TABLESPACE "USERS" ;
--------------------------------------------------------
--  DDL for Table REKLAMODAWCY
--------------------------------------------------------

  CREATE TABLE "BADAGRB01"."REKLAMODAWCY" 
   (	"NR_REKLAMODAWCY" NUMBER(*,0), 
	"NAZWA_FIRMY" VARCHAR2(70 BYTE), 
	"NR_TELEFONU" VARCHAR2(15 BYTE), 
	"EMAIL" VARCHAR2(40 BYTE), 
	"IMIE" VARCHAR2(20 BYTE), 
	"NAZWISKO" VARCHAR2(30 BYTE)
   ) SEGMENT CREATION IMMEDIATE 
  PCTFREE 10 PCTUSED 40 INITRANS 1 MAXTRANS 255 
 NOCOMPRESS LOGGING
  STORAGE(INITIAL 65536 NEXT 1048576 MINEXTENTS 1 MAXEXTENTS 2147483645
  PCTINCREASE 0 FREELISTS 1 FREELIST GROUPS 1
  BUFFER_POOL DEFAULT FLASH_CACHE DEFAULT CELL_FLASH_CACHE DEFAULT)
  TABLESPACE "USERS" ;
--------------------------------------------------------
--  DDL for Table REKLAMY
--------------------------------------------------------

  CREATE TABLE "BADAGRB01"."REKLAMY" 
   (	"NR_NAGRANIA" NUMBER(*,0), 
	"TRANSKRYPT" VARCHAR2(1200 BYTE), 
	"DATA_OD" DATE, 
	"DATA_DO" DATE, 
	"CENA" NUMBER(10,2), 
	"ODTWORZENIA" NUMBER(*,0), 
	"NR_REKLAMODAWCY" NUMBER(*,0)
   ) SEGMENT CREATION IMMEDIATE 
  PCTFREE 10 PCTUSED 40 INITRANS 1 MAXTRANS 255 
 NOCOMPRESS LOGGING
  STORAGE(INITIAL 65536 NEXT 1048576 MINEXTENTS 1 MAXEXTENTS 2147483645
  PCTINCREASE 0 FREELISTS 1 FREELIST GROUPS 1
  BUFFER_POOL DEFAULT FLASH_CACHE DEFAULT CELL_FLASH_CACHE DEFAULT)
  TABLESPACE "USERS" ;
--------------------------------------------------------
--  DDL for Table REPORTERZY
--------------------------------------------------------

  CREATE TABLE "BADAGRB01"."REPORTERZY" 
   (	"PRAWO_JAZDY" CHAR(254 BYTE), 
	"WAZNOSC_PRAWA_JAZDY" DATE, 
	"LEGITYMACJA_PRASOWA" CHAR(3 BYTE), 
	"WAZNOSC_LEGIT_PRASOWEJ" DATE, 
	"NR_PRACOWNIKA" NUMBER(*,0)
   ) SEGMENT CREATION IMMEDIATE 
  PCTFREE 10 PCTUSED 40 INITRANS 1 MAXTRANS 255 
 NOCOMPRESS LOGGING
  STORAGE(INITIAL 65536 NEXT 1048576 MINEXTENTS 1 MAXEXTENTS 2147483645
  PCTINCREASE 0 FREELISTS 1 FREELIST GROUPS 1
  BUFFER_POOL DEFAULT FLASH_CACHE DEFAULT CELL_FLASH_CACHE DEFAULT)
  TABLESPACE "USERS" ;
--------------------------------------------------------
--  DDL for Table ROZGLOSNIE
--------------------------------------------------------

  CREATE TABLE "BADAGRB01"."ROZGLOSNIE" 
   (	"NR_ROZGLOSNI" NUMBER(*,0), 
	"NAZWA" VARCHAR2(20 BYTE), 
	"DATA_ZALOZENIA" DATE, 
	"NR_ADRESU" NUMBER(*,0)
   ) SEGMENT CREATION IMMEDIATE 
  PCTFREE 10 PCTUSED 40 INITRANS 1 MAXTRANS 255 
 NOCOMPRESS LOGGING
  STORAGE(INITIAL 65536 NEXT 1048576 MINEXTENTS 1 MAXEXTENTS 2147483645
  PCTINCREASE 0 FREELISTS 1 FREELIST GROUPS 1
  BUFFER_POOL DEFAULT FLASH_CACHE DEFAULT CELL_FLASH_CACHE DEFAULT)
  TABLESPACE "USERS" ;
--------------------------------------------------------
--  DDL for Table SPRZETY
--------------------------------------------------------

  CREATE TABLE "BADAGRB01"."SPRZETY" 
   (	"NR_SPRZETU" NUMBER(*,0), 
	"NAZWA" CHAR(254 BYTE), 
	"NAZWA_SZCZEGOL" VARCHAR2(150 BYTE), 
	"CENA" NUMBER(10,2), 
	"NR_ROZGLOSNI" NUMBER(*,0)
   ) SEGMENT CREATION IMMEDIATE 
  PCTFREE 10 PCTUSED 40 INITRANS 1 MAXTRANS 255 
 NOCOMPRESS LOGGING
  STORAGE(INITIAL 65536 NEXT 1048576 MINEXTENTS 1 MAXEXTENTS 2147483645
  PCTINCREASE 0 FREELISTS 1 FREELIST GROUPS 1
  BUFFER_POOL DEFAULT FLASH_CACHE DEFAULT CELL_FLASH_CACHE DEFAULT)
  TABLESPACE "USERS" ;
--------------------------------------------------------
--  DDL for Table STANOWISKO
--------------------------------------------------------

  CREATE TABLE "BADAGRB01"."STANOWISKO" 
   (	"NR_STANOWISKA" NUMBER(*,0), 
	"NAZWA" VARCHAR2(20 BYTE), 
	"OPIS" VARCHAR2(400 BYTE)
   ) SEGMENT CREATION IMMEDIATE 
  PCTFREE 10 PCTUSED 40 INITRANS 1 MAXTRANS 255 
 NOCOMPRESS LOGGING
  STORAGE(INITIAL 65536 NEXT 1048576 MINEXTENTS 1 MAXEXTENTS 2147483645
  PCTINCREASE 0 FREELISTS 1 FREELIST GROUPS 1
  BUFFER_POOL DEFAULT FLASH_CACHE DEFAULT CELL_FLASH_CACHE DEFAULT)
  TABLESPACE "USERS" ;
--------------------------------------------------------
--  DDL for Table UTWORY
--------------------------------------------------------

  CREATE TABLE "BADAGRB01"."UTWORY" 
   (	"NR_NAGRANIA" NUMBER(*,0), 
	"ALBUM" VARCHAR2(50 BYTE), 
	"LICENCJA" CHAR(3 BYTE), 
	"WAZNOSC_LICENCJI" DATE
   ) SEGMENT CREATION IMMEDIATE 
  PCTFREE 10 PCTUSED 40 INITRANS 1 MAXTRANS 255 
 NOCOMPRESS LOGGING
  STORAGE(INITIAL 65536 NEXT 1048576 MINEXTENTS 1 MAXEXTENTS 2147483645
  PCTINCREASE 0 FREELISTS 1 FREELIST GROUPS 1
  BUFFER_POOL DEFAULT FLASH_CACHE DEFAULT CELL_FLASH_CACHE DEFAULT)
  TABLESPACE "USERS" ;
--------------------------------------------------------
--  DDL for Table UTWORY_AUTORZY
--------------------------------------------------------

  CREATE TABLE "BADAGRB01"."UTWORY_AUTORZY" 
   (	"NR_NAGRANIA" NUMBER(*,0), 
	"NR_AUTORA" NUMBER(*,0)
   ) SEGMENT CREATION IMMEDIATE 
  PCTFREE 10 PCTUSED 40 INITRANS 1 MAXTRANS 255 
 NOCOMPRESS LOGGING
  STORAGE(INITIAL 65536 NEXT 1048576 MINEXTENTS 1 MAXEXTENTS 2147483645
  PCTINCREASE 0 FREELISTS 1 FREELIST GROUPS 1
  BUFFER_POOL DEFAULT FLASH_CACHE DEFAULT CELL_FLASH_CACHE DEFAULT)
  TABLESPACE "USERS" ;
--------------------------------------------------------
--  DDL for Table UTWORY_GATUNKI
--------------------------------------------------------

  CREATE TABLE "BADAGRB01"."UTWORY_GATUNKI" 
   (	"NR_NAGRANIA" NUMBER(*,0), 
	"NR_GATUNKU" NUMBER(*,0)
   ) SEGMENT CREATION IMMEDIATE 
  PCTFREE 10 PCTUSED 40 INITRANS 1 MAXTRANS 255 
 NOCOMPRESS LOGGING
  STORAGE(INITIAL 65536 NEXT 1048576 MINEXTENTS 1 MAXEXTENTS 2147483645
  PCTINCREASE 0 FREELISTS 1 FREELIST GROUPS 1
  BUFFER_POOL DEFAULT FLASH_CACHE DEFAULT CELL_FLASH_CACHE DEFAULT)
  TABLESPACE "USERS" ;
--------------------------------------------------------
--  DDL for Table WLASCICIELE
--------------------------------------------------------

  CREATE TABLE "BADAGRB01"."WLASCICIELE" 
   (	"NR_WLASCICIELA" NUMBER(*,0), 
	"IMIE" VARCHAR2(20 BYTE), 
	"NAZWISKO" VARCHAR2(30 BYTE), 
	"NR_ADRESU" NUMBER(*,0), 
	"NR_ROZGLOSNI" NUMBER(*,0)
   ) SEGMENT CREATION IMMEDIATE 
  PCTFREE 10 PCTUSED 40 INITRANS 1 MAXTRANS 255 
 NOCOMPRESS LOGGING
  STORAGE(INITIAL 65536 NEXT 1048576 MINEXTENTS 1 MAXEXTENTS 2147483645
  PCTINCREASE 0 FREELISTS 1 FREELIST GROUPS 1
  BUFFER_POOL DEFAULT FLASH_CACHE DEFAULT CELL_FLASH_CACHE DEFAULT)
  TABLESPACE "USERS" ;
REM INSERTING into BADAGRB01.ADRESY
SET DEFINE OFF;
Insert into BADAGRB01.ADRESY (NR_ADRESU,MIASTO,ULICA,NR_LOKALU) values (118,'Kraków','Krakowska','4');
Insert into BADAGRB01.ADRESY (NR_ADRESU,MIASTO,ULICA,NR_LOKALU) values (102,'Wąsko','Szeroko','23');
Insert into BADAGRB01.ADRESY (NR_ADRESU,MIASTO,ULICA,NR_LOKALU) values (101,'Słoniów','Orzeszkowa','12');
Insert into BADAGRB01.ADRESY (NR_ADRESU,MIASTO,ULICA,NR_LOKALU) values (121,'Poznań','Pomidorowa','12');
Insert into BADAGRB01.ADRESY (NR_ADRESU,MIASTO,ULICA,NR_LOKALU) values (122,'Gdynia','Jeziorna','44');
Insert into BADAGRB01.ADRESY (NR_ADRESU,MIASTO,ULICA,NR_LOKALU) values (1,'Warszawa','Ludwika Warńskiego','19');
Insert into BADAGRB01.ADRESY (NR_ADRESU,MIASTO,ULICA,NR_LOKALU) values (2,'Warszawa','Kopernika','37');
Insert into BADAGRB01.ADRESY (NR_ADRESU,MIASTO,ULICA,NR_LOKALU) values (3,'Warszawa','Karolkowa','47');
Insert into BADAGRB01.ADRESY (NR_ADRESU,MIASTO,ULICA,NR_LOKALU) values (5,'Bygdoszcz','Polski Walczącej','23');
Insert into BADAGRB01.ADRESY (NR_ADRESU,MIASTO,ULICA,NR_LOKALU) values (6,'Warszawa','Folkowa','26');
Insert into BADAGRB01.ADRESY (NR_ADRESU,MIASTO,ULICA,NR_LOKALU) values (7,'Warszawa','Rakowa','10');
REM INSERTING into BADAGRB01.AUDYCJE
SET DEFINE OFF;
Insert into BADAGRB01.AUDYCJE (NR_AUDYCJI,DATA,FORMAT,CZAS_TRWANIA,NR_ROZGLOSNI) values (32,to_date('12-JAN-23','DD-MON-RR'),'Kołysanki','04:40:00',1);
Insert into BADAGRB01.AUDYCJE (NR_AUDYCJI,DATA,FORMAT,CZAS_TRWANIA,NR_ROZGLOSNI) values (33,to_date('11-JAN-23','DD-MON-RR'),'World Quest with Quebo','00:09:06',1);
Insert into BADAGRB01.AUDYCJE (NR_AUDYCJI,DATA,FORMAT,CZAS_TRWANIA,NR_ROZGLOSNI) values (1,to_date('13-DEC-23','DD-MON-RR'),'Zima z radiem','00:20:00',1);
Insert into BADAGRB01.AUDYCJE (NR_AUDYCJI,DATA,FORMAT,CZAS_TRWANIA,NR_ROZGLOSNI) values (31,to_date('29-JAN-23','DD-MON-RR'),'Klasyka','00:30:19',1);
Insert into BADAGRB01.AUDYCJE (NR_AUDYCJI,DATA,FORMAT,CZAS_TRWANIA,NR_ROZGLOSNI) values (34,to_date('13-JAN-23','DD-MON-RR'),'Zima z radiem','01:00:00',1);
Insert into BADAGRB01.AUDYCJE (NR_AUDYCJI,DATA,FORMAT,CZAS_TRWANIA,NR_ROZGLOSNI) values (30,to_date('23-JAN-23','DD-MON-RR'),'Ranczo','00:25:00',1);
REM INSERTING into BADAGRB01.AUTORZY
SET DEFINE OFF;
Insert into BADAGRB01.AUTORZY (NR_AUTORA,NAZWA,DEBIUT,WYTWORNIA,LICZBA_CZLONKOW,NR_ROZGLOSNI) values (1,'One Republic',to_date('01-JAN-03','DD-MON-RR'),'MixRecords',3,1);
Insert into BADAGRB01.AUTORZY (NR_AUTORA,NAZWA,DEBIUT,WYTWORNIA,LICZBA_CZLONKOW,NR_ROZGLOSNI) values (2,'Elektryczne gitary',to_date('02-FEB-90','DD-MON-RR'),'Polska Wytwórnia Muzyczna',5,1);
Insert into BADAGRB01.AUTORZY (NR_AUTORA,NAZWA,DEBIUT,WYTWORNIA,LICZBA_CZLONKOW,NR_ROZGLOSNI) values (4,'Dariusz Supeł',to_date('03-MAR-80','DD-MON-RR'),'Polska Wytwórnia Muzyczna',1,1);
REM INSERTING into BADAGRB01.GATUNKI
SET DEFINE OFF;
Insert into BADAGRB01.GATUNKI (NR_GATUNKU,NAZWA,NR_ROZGLOSNI) values (4,'pop',1);
Insert into BADAGRB01.GATUNKI (NR_GATUNKU,NAZWA,NR_ROZGLOSNI) values (5,'rock',1);
Insert into BADAGRB01.GATUNKI (NR_GATUNKU,NAZWA,NR_ROZGLOSNI) values (6,'folk',1);
REM INSERTING into BADAGRB01.GOSCIE
SET DEFINE OFF;
Insert into BADAGRB01.GOSCIE (NR_GOSCIA,IMIE,NAZWISKO,PSEUDONIM,EMAIL,NR_TELEFONU,NR_ROZGLOSNI) values (1,'Robert','Mazurek','Kolos',null,'836475836',1);
REM INSERTING into BADAGRB01.GOSCIE_AUDYCJE
SET DEFINE OFF;
Insert into BADAGRB01.GOSCIE_AUDYCJE (NR_GOSCIA,NR_AUDYCJI) values (1,30);
Insert into BADAGRB01.GOSCIE_AUDYCJE (NR_GOSCIA,NR_AUDYCJI) values (1,32);
Insert into BADAGRB01.GOSCIE_AUDYCJE (NR_GOSCIA,NR_AUDYCJI) values (1,1);
REM INSERTING into BADAGRB01.NAGRANIA
SET DEFINE OFF;
Insert into BADAGRB01.NAGRANIA (NR_NAGRANIA,CZAS_TRWANIA,TYTUL,NR_ROZGLOSNI) values (1,'00:04:00','Counting Stars',1);
Insert into BADAGRB01.NAGRANIA (NR_NAGRANIA,CZAS_TRWANIA,TYTUL,NR_ROZGLOSNI) values (2,'00:05:00','Reklama Persil - nowa cena',1);
Insert into BADAGRB01.NAGRANIA (NR_NAGRANIA,CZAS_TRWANIA,TYTUL,NR_ROZGLOSNI) values (3,'00:03:00','Dzieci wesoło wybiegly',1);
Insert into BADAGRB01.NAGRANIA (NR_NAGRANIA,CZAS_TRWANIA,TYTUL,NR_ROZGLOSNI) values (4,'00:02:30','Lubię mówić z tobą',1);
Insert into BADAGRB01.NAGRANIA (NR_NAGRANIA,CZAS_TRWANIA,TYTUL,NR_ROZGLOSNI) values (5,'00:00:30','Reklama BMW - nowy model',1);
REM INSERTING into BADAGRB01.NAGRANIE_AUDYCJA
SET DEFINE OFF;
Insert into BADAGRB01.NAGRANIE_AUDYCJA (NR_NAGRANIA,NR_AUDYCJI) values (3,30);
Insert into BADAGRB01.NAGRANIE_AUDYCJA (NR_NAGRANIA,NR_AUDYCJI) values (3,32);
Insert into BADAGRB01.NAGRANIE_AUDYCJA (NR_NAGRANIA,NR_AUDYCJI) values (3,34);
Insert into BADAGRB01.NAGRANIE_AUDYCJA (NR_NAGRANIA,NR_AUDYCJI) values (1,34);
Insert into BADAGRB01.NAGRANIE_AUDYCJA (NR_NAGRANIA,NR_AUDYCJI) values (1,31);
Insert into BADAGRB01.NAGRANIE_AUDYCJA (NR_NAGRANIA,NR_AUDYCJI) values (1,31);
Insert into BADAGRB01.NAGRANIE_AUDYCJA (NR_NAGRANIA,NR_AUDYCJI) values (3,31);
Insert into BADAGRB01.NAGRANIE_AUDYCJA (NR_NAGRANIA,NR_AUDYCJI) values (1,34);
Insert into BADAGRB01.NAGRANIE_AUDYCJA (NR_NAGRANIA,NR_AUDYCJI) values (4,1);
Insert into BADAGRB01.NAGRANIE_AUDYCJA (NR_NAGRANIA,NR_AUDYCJI) values (1,1);
Insert into BADAGRB01.NAGRANIE_AUDYCJA (NR_NAGRANIA,NR_AUDYCJI) values (3,1);
Insert into BADAGRB01.NAGRANIE_AUDYCJA (NR_NAGRANIA,NR_AUDYCJI) values (2,1);
Insert into BADAGRB01.NAGRANIE_AUDYCJA (NR_NAGRANIA,NR_AUDYCJI) values (5,1);
Insert into BADAGRB01.NAGRANIE_AUDYCJA (NR_NAGRANIA,NR_AUDYCJI) values (4,30);
REM INSERTING into BADAGRB01.PRACOWNICY
SET DEFINE OFF;
Insert into BADAGRB01.PRACOWNICY (NR_PRACOWNIKA,IMIE,NAZWISKO,DATA_URODZENIA,PESEL,PLEC,DATA_ZATRUDNIENIA,NR_KONTA,EMAIL,NR_TELEFONU,NR_ROZGLOSNI,NR_ADRESU,NR_STANOWISKA) values (41,'Marcin','Miecz',to_date('27-JAN-03','DD-MON-RR'),'03212787644','M',to_date('22-JAN-23','DD-MON-RR'),'12312312312312313123      ','pudzian_mistrz@blabla.pl','123123123',1,1,4);
Insert into BADAGRB01.PRACOWNICY (NR_PRACOWNIKA,IMIE,NAZWISKO,DATA_URODZENIA,PESEL,PLEC,DATA_ZATRUDNIENIA,NR_KONTA,EMAIL,NR_TELEFONU,NR_ROZGLOSNI,NR_ADRESU,NR_STANOWISKA) values (43,'Kalina','Jeżyna',to_date('22-AUG-76','DD-MON-RR'),'76100288378','K',to_date('07-OCT-09','DD-MON-RR'),'19929939894               ','poziomka@wp.gr','111222333',1,122,2);
Insert into BADAGRB01.PRACOWNICY (NR_PRACOWNIKA,IMIE,NAZWISKO,DATA_URODZENIA,PESEL,PLEC,DATA_ZATRUDNIENIA,NR_KONTA,EMAIL,NR_TELEFONU,NR_ROZGLOSNI,NR_ADRESU,NR_STANOWISKA) values (1,'Konrad','Tworek',to_date('12-APR-96','DD-MON-RR'),'98763647566','K',to_date('06-DEC-22','DD-MON-RR'),'97042730434238            ','konderoTech@Tranzys.tor','736453625',1,3,3);
Insert into BADAGRB01.PRACOWNICY (NR_PRACOWNIKA,IMIE,NAZWISKO,DATA_URODZENIA,PESEL,PLEC,DATA_ZATRUDNIENIA,NR_KONTA,EMAIL,NR_TELEFONU,NR_ROZGLOSNI,NR_ADRESU,NR_STANOWISKA) values (3,'Ewelina','Karolak',to_date('23-MAY-97','DD-MON-RR'),'84756382798','K',to_date('12-DEC-22','DD-MON-RR'),'746283473421              ',null,'876765456',1,5,1);
Insert into BADAGRB01.PRACOWNICY (NR_PRACOWNIKA,IMIE,NAZWISKO,DATA_URODZENIA,PESEL,PLEC,DATA_ZATRUDNIENIA,NR_KONTA,EMAIL,NR_TELEFONU,NR_ROZGLOSNI,NR_ADRESU,NR_STANOWISKA) values (5,'Jan','Kowalski',to_date('17-MAY-95','DD-MON-RR'),'87645678976','M',to_date('30-DEC-99','DD-MON-RR'),'423423423424234           ',null,'987678987',1,7,3);
Insert into BADAGRB01.PRACOWNICY (NR_PRACOWNIKA,IMIE,NAZWISKO,DATA_URODZENIA,PESEL,PLEC,DATA_ZATRUDNIENIA,NR_KONTA,EMAIL,NR_TELEFONU,NR_ROZGLOSNI,NR_ADRESU,NR_STANOWISKA) values (23,'Jacek','Placek',to_date('03-MAR-99','DD-MON-RR'),'12312312312','M',to_date('31-MAR-20','DD-MON-RR'),'32423423423424234         ','ggedr@ewrwere.pl','23423252352',1,1,1);
Insert into BADAGRB01.PRACOWNICY (NR_PRACOWNIKA,IMIE,NAZWISKO,DATA_URODZENIA,PESEL,PLEC,DATA_ZATRUDNIENIA,NR_KONTA,EMAIL,NR_TELEFONU,NR_ROZGLOSNI,NR_ADRESU,NR_STANOWISKA) values (37,'Katarzyna','Cichopek',to_date('15-JUN-78','DD-MON-RR'),'01061282301','K',to_date('28-SEP-22','DD-MON-RR'),'222268888                 ','cicha@kasia','799797975',1,101,2);
REM INSERTING into BADAGRB01.PRACOWNICY_AUDYCJE
SET DEFINE OFF;
Insert into BADAGRB01.PRACOWNICY_AUDYCJE (NR_PRACOWNIKA,NR_AUDYCJI) values (3,1);
Insert into BADAGRB01.PRACOWNICY_AUDYCJE (NR_PRACOWNIKA,NR_AUDYCJI) values (4,1);
Insert into BADAGRB01.PRACOWNICY_AUDYCJE (NR_PRACOWNIKA,NR_AUDYCJI) values (5,1);
REM INSERTING into BADAGRB01.PRACOWNICY_SPRZETY
SET DEFINE OFF;
Insert into BADAGRB01.PRACOWNICY_SPRZETY (NR_PRACOWNIKA,NR_SPRZETU) values (5,2);
Insert into BADAGRB01.PRACOWNICY_SPRZETY (NR_PRACOWNIKA,NR_SPRZETU) values (5,3);
Insert into BADAGRB01.PRACOWNICY_SPRZETY (NR_PRACOWNIKA,NR_SPRZETU) values (5,4);
Insert into BADAGRB01.PRACOWNICY_SPRZETY (NR_PRACOWNIKA,NR_SPRZETU) values (4,1);
REM INSERTING into BADAGRB01.REKLAMODAWCY
SET DEFINE OFF;
Insert into BADAGRB01.REKLAMODAWCY (NR_REKLAMODAWCY,NAZWA_FIRMY,NR_TELEFONU,EMAIL,IMIE,NAZWISKO) values (1,'Persil sp.z o.o.','736456378',null,'Kacper','Wolski');
Insert into BADAGRB01.REKLAMODAWCY (NR_REKLAMODAWCY,NAZWA_FIRMY,NR_TELEFONU,EMAIL,IMIE,NAZWISKO) values (3,'BWM Polska s.a.','857693847',null,'Włodzimierz','Biały');
REM INSERTING into BADAGRB01.REKLAMY
SET DEFINE OFF;
Insert into BADAGRB01.REKLAMY (NR_NAGRANIA,TRANSKRYPT,DATA_OD,DATA_DO,CENA,ODTWORZENIA,NR_REKLAMODAWCY) values (2,'Juz teraz nowa cena proszku Presil! Jedyne 24,99 za 100g. Kup w naszym sklepie internetowym',to_date('13-DEC-22','DD-MON-RR'),to_date('26-DEC-22','DD-MON-RR'),5000,50,1);
Insert into BADAGRB01.REKLAMY (NR_NAGRANIA,TRANSKRYPT,DATA_OD,DATA_DO,CENA,ODTWORZENIA,NR_REKLAMODAWCY) values (5,'Nowe BMW już w salonach! Zadzwoń i umów się na wizytę.',to_date('15-DEC-22','DD-MON-RR'),to_date('04-JAN-23','DD-MON-RR'),8000,80,3);
REM INSERTING into BADAGRB01.REPORTERZY
SET DEFINE OFF;
Insert into BADAGRB01.REPORTERZY (PRAWO_JAZDY,WAZNOSC_PRAWA_JAZDY,LEGITYMACJA_PRASOWA,WAZNOSC_LEGIT_PRASOWEJ,NR_PRACOWNIKA) values ('B                                                                                                                                                                                                                                                             ',to_date('23-JUL-28','DD-MON-RR'),'Tak',to_date('12-JAN-25','DD-MON-RR'),3);
REM INSERTING into BADAGRB01.ROZGLOSNIE
SET DEFINE OFF;
Insert into BADAGRB01.ROZGLOSNIE (NR_ROZGLOSNI,NAZWA,DATA_ZALOZENIA,NR_ADRESU) values (1,'StudentFM',to_date('12-DEC-22','DD-MON-RR'),1);
REM INSERTING into BADAGRB01.SPRZETY
SET DEFINE OFF;
Insert into BADAGRB01.SPRZETY (NR_SPRZETU,NAZWA,NAZWA_SZCZEGOL,CENA,NR_ROZGLOSNI) values (1,'Mikrofon                                                                                                                                                                                                                                                      ','Mikrofon BOSE',2000,1);
Insert into BADAGRB01.SPRZETY (NR_SPRZETU,NAZWA,NAZWA_SZCZEGOL,CENA,NR_ROZGLOSNI) values (2,'Konsoleta                                                                                                                                                                                                                                                     ','Konsoleta AudioTechinika',3000,1);
Insert into BADAGRB01.SPRZETY (NR_SPRZETU,NAZWA,NAZWA_SZCZEGOL,CENA,NR_ROZGLOSNI) values (3,'Monitor                                                                                                                                                                                                                                                       ','Monitor Samsung',1500,1);
Insert into BADAGRB01.SPRZETY (NR_SPRZETU,NAZWA,NAZWA_SZCZEGOL,CENA,NR_ROZGLOSNI) values (4,'Komputer                                                                                                                                                                                                                                                      ','Komputer Dell',4000,1);
Insert into BADAGRB01.SPRZETY (NR_SPRZETU,NAZWA,NAZWA_SZCZEGOL,CENA,NR_ROZGLOSNI) values (6,'Inne                                                                                                                                                                                                                                                          ','Słuchawki ISK',700,1);
REM INSERTING into BADAGRB01.STANOWISKO
SET DEFINE OFF;
Insert into BADAGRB01.STANOWISKO (NR_STANOWISKA,NAZWA,OPIS) values (1,'Kierownik','Kierownik odpowiadający za pracę rozgłośni');
Insert into BADAGRB01.STANOWISKO (NR_STANOWISKA,NAZWA,OPIS) values (2,'Reporter','Zajmuje się zdobywaniem materiału w terenie np. relacją z wydarzeń sportowych');
Insert into BADAGRB01.STANOWISKO (NR_STANOWISKA,NAZWA,OPIS) values (3,'Spiker','Zajmuje się prowaczeniem audycji');
Insert into BADAGRB01.STANOWISKO (NR_STANOWISKA,NAZWA,OPIS) values (4,'Technik','Zajmuje się realizacją techniczną transmisji sudycji');
REM INSERTING into BADAGRB01.UTWORY
SET DEFINE OFF;
Insert into BADAGRB01.UTWORY (NR_NAGRANIA,ALBUM,LICENCJA,WAZNOSC_LICENCJI) values (1,'Stars','Tak',to_date('25-DEC-25','DD-MON-RR'));
Insert into BADAGRB01.UTWORY (NR_NAGRANIA,ALBUM,LICENCJA,WAZNOSC_LICENCJI) values (3,'Stare ale jare','Tak',to_date('28-JAN-28','DD-MON-RR'));
Insert into BADAGRB01.UTWORY (NR_NAGRANIA,ALBUM,LICENCJA,WAZNOSC_LICENCJI) values (4,'Mój dom','Tak',to_date('01-JAN-23','DD-MON-RR'));
REM INSERTING into BADAGRB01.UTWORY_AUTORZY
SET DEFINE OFF;
Insert into BADAGRB01.UTWORY_AUTORZY (NR_NAGRANIA,NR_AUTORA) values (1,1);
Insert into BADAGRB01.UTWORY_AUTORZY (NR_NAGRANIA,NR_AUTORA) values (3,2);
Insert into BADAGRB01.UTWORY_AUTORZY (NR_NAGRANIA,NR_AUTORA) values (4,4);
REM INSERTING into BADAGRB01.UTWORY_GATUNKI
SET DEFINE OFF;
Insert into BADAGRB01.UTWORY_GATUNKI (NR_NAGRANIA,NR_GATUNKU) values (1,4);
Insert into BADAGRB01.UTWORY_GATUNKI (NR_NAGRANIA,NR_GATUNKU) values (3,5);
Insert into BADAGRB01.UTWORY_GATUNKI (NR_NAGRANIA,NR_GATUNKU) values (4,6);
REM INSERTING into BADAGRB01.WLASCICIELE
SET DEFINE OFF;
Insert into BADAGRB01.WLASCICIELE (NR_WLASCICIELA,IMIE,NAZWISKO,NR_ADRESU,NR_ROZGLOSNI) values (1,'Jan','Polaczek',2,1);
--------------------------------------------------------
--  DDL for Index AUDYCJAPK
--------------------------------------------------------

  CREATE UNIQUE INDEX "BADAGRB01"."AUDYCJAPK" ON "BADAGRB01"."AUDYCJE" ("NR_AUDYCJI") 
  PCTFREE 10 INITRANS 2 MAXTRANS 255 COMPUTE STATISTICS 
  STORAGE(INITIAL 65536 NEXT 1048576 MINEXTENTS 1 MAXEXTENTS 2147483645
  PCTINCREASE 0 FREELISTS 1 FREELIST GROUPS 1
  BUFFER_POOL DEFAULT FLASH_CACHE DEFAULT CELL_FLASH_CACHE DEFAULT)
  TABLESPACE "USERS" ;
--------------------------------------------------------
--  DDL for Index GOSCPK
--------------------------------------------------------

  CREATE UNIQUE INDEX "BADAGRB01"."GOSCPK" ON "BADAGRB01"."GOSCIE" ("NR_GOSCIA") 
  PCTFREE 10 INITRANS 2 MAXTRANS 255 COMPUTE STATISTICS 
  STORAGE(INITIAL 65536 NEXT 1048576 MINEXTENTS 1 MAXEXTENTS 2147483645
  PCTINCREASE 0 FREELISTS 1 FREELIST GROUPS 1
  BUFFER_POOL DEFAULT FLASH_CACHE DEFAULT CELL_FLASH_CACHE DEFAULT)
  TABLESPACE "USERS" ;
--------------------------------------------------------
--  DDL for Index IX_MA_W_BAZIE
--------------------------------------------------------

  CREATE INDEX "BADAGRB01"."IX_MA_W_BAZIE" ON "BADAGRB01"."NAGRANIA" ("NR_ROZGLOSNI") 
  PCTFREE 10 INITRANS 2 MAXTRANS 255 COMPUTE STATISTICS 
  STORAGE(INITIAL 65536 NEXT 1048576 MINEXTENTS 1 MAXEXTENTS 2147483645
  PCTINCREASE 0 FREELISTS 1 FREELIST GROUPS 1
  BUFFER_POOL DEFAULT FLASH_CACHE DEFAULT CELL_FLASH_CACHE DEFAULT)
  TABLESPACE "USERS" ;
--------------------------------------------------------
--  DDL for Index IX_NADAJE
--------------------------------------------------------

  CREATE INDEX "BADAGRB01"."IX_NADAJE" ON "BADAGRB01"."AUDYCJE" ("NR_ROZGLOSNI") 
  PCTFREE 10 INITRANS 2 MAXTRANS 255 COMPUTE STATISTICS 
  STORAGE(INITIAL 65536 NEXT 1048576 MINEXTENTS 1 MAXEXTENTS 2147483645
  PCTINCREASE 0 FREELISTS 1 FREELIST GROUPS 1
  BUFFER_POOL DEFAULT FLASH_CACHE DEFAULT CELL_FLASH_CACHE DEFAULT)
  TABLESPACE "USERS" ;
--------------------------------------------------------
--  DDL for Index IX_POSIADA
--------------------------------------------------------

  CREATE INDEX "BADAGRB01"."IX_POSIADA" ON "BADAGRB01"."SPRZETY" ("NR_ROZGLOSNI") 
  PCTFREE 10 INITRANS 2 MAXTRANS 255 COMPUTE STATISTICS 
  STORAGE(INITIAL 65536 NEXT 1048576 MINEXTENTS 1 MAXEXTENTS 2147483645
  PCTINCREASE 0 FREELISTS 1 FREELIST GROUPS 1
  BUFFER_POOL DEFAULT FLASH_CACHE DEFAULT CELL_FLASH_CACHE DEFAULT)
  TABLESPACE "USERS" ;
--------------------------------------------------------
--  DDL for Index IX_RELATIONSHIP1
--------------------------------------------------------

  CREATE INDEX "BADAGRB01"."IX_RELATIONSHIP1" ON "BADAGRB01"."PRACOWNICY" ("NR_STANOWISKA") 
  PCTFREE 10 INITRANS 2 MAXTRANS 255 COMPUTE STATISTICS 
  STORAGE(INITIAL 65536 NEXT 1048576 MINEXTENTS 1 MAXEXTENTS 2147483645
  PCTINCREASE 0 FREELISTS 1 FREELIST GROUPS 1
  BUFFER_POOL DEFAULT FLASH_CACHE DEFAULT CELL_FLASH_CACHE DEFAULT)
  TABLESPACE "USERS" ;
--------------------------------------------------------
--  DDL for Index IX_RELATIONSHIP10
--------------------------------------------------------

  CREATE INDEX "BADAGRB01"."IX_RELATIONSHIP10" ON "BADAGRB01"."GATUNKI" ("NR_ROZGLOSNI") 
  PCTFREE 10 INITRANS 2 MAXTRANS 255 COMPUTE STATISTICS 
  STORAGE(INITIAL 65536 NEXT 1048576 MINEXTENTS 1 MAXEXTENTS 2147483645
  PCTINCREASE 0 FREELISTS 1 FREELIST GROUPS 1
  BUFFER_POOL DEFAULT FLASH_CACHE DEFAULT CELL_FLASH_CACHE DEFAULT)
  TABLESPACE "USERS" ;
--------------------------------------------------------
--  DDL for Index IX_RELATIONSHIP2
--------------------------------------------------------

  CREATE INDEX "BADAGRB01"."IX_RELATIONSHIP2" ON "BADAGRB01"."ROZGLOSNIE" ("NR_ADRESU") 
  PCTFREE 10 INITRANS 2 MAXTRANS 255 COMPUTE STATISTICS 
  STORAGE(INITIAL 65536 NEXT 1048576 MINEXTENTS 1 MAXEXTENTS 2147483645
  PCTINCREASE 0 FREELISTS 1 FREELIST GROUPS 1
  BUFFER_POOL DEFAULT FLASH_CACHE DEFAULT CELL_FLASH_CACHE DEFAULT)
  TABLESPACE "USERS" ;
--------------------------------------------------------
--  DDL for Index IX_RELATIONSHIP3
--------------------------------------------------------

  CREATE INDEX "BADAGRB01"."IX_RELATIONSHIP3" ON "BADAGRB01"."AUTORZY" ("NR_ROZGLOSNI") 
  PCTFREE 10 INITRANS 2 MAXTRANS 255 COMPUTE STATISTICS 
  STORAGE(INITIAL 65536 NEXT 1048576 MINEXTENTS 1 MAXEXTENTS 2147483645
  PCTINCREASE 0 FREELISTS 1 FREELIST GROUPS 1
  BUFFER_POOL DEFAULT FLASH_CACHE DEFAULT CELL_FLASH_CACHE DEFAULT)
  TABLESPACE "USERS" ;
--------------------------------------------------------
--  DDL for Index IX_RELATIONSHIP4
--------------------------------------------------------

  CREATE INDEX "BADAGRB01"."IX_RELATIONSHIP4" ON "BADAGRB01"."WLASCICIELE" ("NR_ROZGLOSNI") 
  PCTFREE 10 INITRANS 2 MAXTRANS 255 COMPUTE STATISTICS 
  STORAGE(INITIAL 65536 NEXT 1048576 MINEXTENTS 1 MAXEXTENTS 2147483645
  PCTINCREASE 0 FREELISTS 1 FREELIST GROUPS 1
  BUFFER_POOL DEFAULT FLASH_CACHE DEFAULT CELL_FLASH_CACHE DEFAULT)
  TABLESPACE "USERS" ;
--------------------------------------------------------
--  DDL for Index IX_RELATIONSHIP9
--------------------------------------------------------

  CREATE INDEX "BADAGRB01"."IX_RELATIONSHIP9" ON "BADAGRB01"."PRACOWNICY" ("NR_ADRESU") 
  PCTFREE 10 INITRANS 2 MAXTRANS 255 COMPUTE STATISTICS 
  STORAGE(INITIAL 65536 NEXT 1048576 MINEXTENTS 1 MAXEXTENTS 2147483645
  PCTINCREASE 0 FREELISTS 1 FREELIST GROUPS 1
  BUFFER_POOL DEFAULT FLASH_CACHE DEFAULT CELL_FLASH_CACHE DEFAULT)
  TABLESPACE "USERS" ;
--------------------------------------------------------
--  DDL for Index IX_WLASCICIELE
--------------------------------------------------------

  CREATE INDEX "BADAGRB01"."IX_WLASCICIELE" ON "BADAGRB01"."WLASCICIELE" ("NR_ADRESU") 
  PCTFREE 10 INITRANS 2 MAXTRANS 255 COMPUTE STATISTICS 
  STORAGE(INITIAL 65536 NEXT 1048576 MINEXTENTS 1 MAXEXTENTS 2147483645
  PCTINCREASE 0 FREELISTS 1 FREELIST GROUPS 1
  BUFFER_POOL DEFAULT FLASH_CACHE DEFAULT CELL_FLASH_CACHE DEFAULT)
  TABLESPACE "USERS" ;
--------------------------------------------------------
--  DDL for Index IX_ZAPRASZA
--------------------------------------------------------

  CREATE INDEX "BADAGRB01"."IX_ZAPRASZA" ON "BADAGRB01"."GOSCIE" ("NR_ROZGLOSNI") 
  PCTFREE 10 INITRANS 2 MAXTRANS 255 COMPUTE STATISTICS 
  STORAGE(INITIAL 65536 NEXT 1048576 MINEXTENTS 1 MAXEXTENTS 2147483645
  PCTINCREASE 0 FREELISTS 1 FREELIST GROUPS 1
  BUFFER_POOL DEFAULT FLASH_CACHE DEFAULT CELL_FLASH_CACHE DEFAULT)
  TABLESPACE "USERS" ;
--------------------------------------------------------
--  DDL for Index IX_ZATRUDNIA
--------------------------------------------------------

  CREATE INDEX "BADAGRB01"."IX_ZATRUDNIA" ON "BADAGRB01"."PRACOWNICY" ("NR_ROZGLOSNI") 
  PCTFREE 10 INITRANS 2 MAXTRANS 255 COMPUTE STATISTICS 
  STORAGE(INITIAL 65536 NEXT 1048576 MINEXTENTS 1 MAXEXTENTS 2147483645
  PCTINCREASE 0 FREELISTS 1 FREELIST GROUPS 1
  BUFFER_POOL DEFAULT FLASH_CACHE DEFAULT CELL_FLASH_CACHE DEFAULT)
  TABLESPACE "USERS" ;
--------------------------------------------------------
--  DDL for Index IX_ZLECA
--------------------------------------------------------

  CREATE INDEX "BADAGRB01"."IX_ZLECA" ON "BADAGRB01"."REKLAMY" ("NR_REKLAMODAWCY") 
  PCTFREE 10 INITRANS 2 MAXTRANS 255 COMPUTE STATISTICS 
  STORAGE(INITIAL 65536 NEXT 1048576 MINEXTENTS 1 MAXEXTENTS 2147483645
  PCTINCREASE 0 FREELISTS 1 FREELIST GROUPS 1
  BUFFER_POOL DEFAULT FLASH_CACHE DEFAULT CELL_FLASH_CACHE DEFAULT)
  TABLESPACE "USERS" ;
--------------------------------------------------------
--  DDL for Index NAGRANIEPK
--------------------------------------------------------

  CREATE UNIQUE INDEX "BADAGRB01"."NAGRANIEPK" ON "BADAGRB01"."NAGRANIA" ("NR_NAGRANIA") 
  PCTFREE 10 INITRANS 2 MAXTRANS 255 COMPUTE STATISTICS 
  STORAGE(INITIAL 65536 NEXT 1048576 MINEXTENTS 1 MAXEXTENTS 2147483645
  PCTINCREASE 0 FREELISTS 1 FREELIST GROUPS 1
  BUFFER_POOL DEFAULT FLASH_CACHE DEFAULT CELL_FLASH_CACHE DEFAULT)
  TABLESPACE "USERS" ;
--------------------------------------------------------
--  DDL for Index NAZWA
--------------------------------------------------------

  CREATE UNIQUE INDEX "BADAGRB01"."NAZWA" ON "BADAGRB01"."GATUNKI" ("NAZWA") 
  PCTFREE 10 INITRANS 2 MAXTRANS 255 COMPUTE STATISTICS 
  STORAGE(INITIAL 65536 NEXT 1048576 MINEXTENTS 1 MAXEXTENTS 2147483645
  PCTINCREASE 0 FREELISTS 1 FREELIST GROUPS 1
  BUFFER_POOL DEFAULT FLASH_CACHE DEFAULT CELL_FLASH_CACHE DEFAULT)
  TABLESPACE "USERS" ;
--------------------------------------------------------
--  DDL for Index PK_ADRESY
--------------------------------------------------------

  CREATE UNIQUE INDEX "BADAGRB01"."PK_ADRESY" ON "BADAGRB01"."ADRESY" ("NR_ADRESU") 
  PCTFREE 10 INITRANS 2 MAXTRANS 255 COMPUTE STATISTICS 
  STORAGE(INITIAL 65536 NEXT 1048576 MINEXTENTS 1 MAXEXTENTS 2147483645
  PCTINCREASE 0 FREELISTS 1 FREELIST GROUPS 1
  BUFFER_POOL DEFAULT FLASH_CACHE DEFAULT CELL_FLASH_CACHE DEFAULT)
  TABLESPACE "USERS" ;
--------------------------------------------------------
--  DDL for Index PK_AUTORZY
--------------------------------------------------------

  CREATE UNIQUE INDEX "BADAGRB01"."PK_AUTORZY" ON "BADAGRB01"."AUTORZY" ("NR_AUTORA") 
  PCTFREE 10 INITRANS 2 MAXTRANS 255 COMPUTE STATISTICS 
  STORAGE(INITIAL 65536 NEXT 1048576 MINEXTENTS 1 MAXEXTENTS 2147483645
  PCTINCREASE 0 FREELISTS 1 FREELIST GROUPS 1
  BUFFER_POOL DEFAULT FLASH_CACHE DEFAULT CELL_FLASH_CACHE DEFAULT)
  TABLESPACE "USERS" ;
--------------------------------------------------------
--  DDL for Index PK_GATUNKI
--------------------------------------------------------

  CREATE UNIQUE INDEX "BADAGRB01"."PK_GATUNKI" ON "BADAGRB01"."GATUNKI" ("NR_GATUNKU") 
  PCTFREE 10 INITRANS 2 MAXTRANS 255 COMPUTE STATISTICS 
  STORAGE(INITIAL 65536 NEXT 1048576 MINEXTENTS 1 MAXEXTENTS 2147483645
  PCTINCREASE 0 FREELISTS 1 FREELIST GROUPS 1
  BUFFER_POOL DEFAULT FLASH_CACHE DEFAULT CELL_FLASH_CACHE DEFAULT)
  TABLESPACE "USERS" ;
--------------------------------------------------------
--  DDL for Index PK_STANOWISKO
--------------------------------------------------------

  CREATE UNIQUE INDEX "BADAGRB01"."PK_STANOWISKO" ON "BADAGRB01"."STANOWISKO" ("NR_STANOWISKA") 
  PCTFREE 10 INITRANS 2 MAXTRANS 255 COMPUTE STATISTICS 
  STORAGE(INITIAL 65536 NEXT 1048576 MINEXTENTS 1 MAXEXTENTS 2147483645
  PCTINCREASE 0 FREELISTS 1 FREELIST GROUPS 1
  BUFFER_POOL DEFAULT FLASH_CACHE DEFAULT CELL_FLASH_CACHE DEFAULT)
  TABLESPACE "USERS" ;
--------------------------------------------------------
--  DDL for Index PK_UTWORY_AUTORZY
--------------------------------------------------------

  CREATE UNIQUE INDEX "BADAGRB01"."PK_UTWORY_AUTORZY" ON "BADAGRB01"."UTWORY_AUTORZY" ("NR_NAGRANIA", "NR_AUTORA") 
  PCTFREE 10 INITRANS 2 MAXTRANS 255 COMPUTE STATISTICS 
  STORAGE(INITIAL 65536 NEXT 1048576 MINEXTENTS 1 MAXEXTENTS 2147483645
  PCTINCREASE 0 FREELISTS 1 FREELIST GROUPS 1
  BUFFER_POOL DEFAULT FLASH_CACHE DEFAULT CELL_FLASH_CACHE DEFAULT)
  TABLESPACE "USERS" ;
--------------------------------------------------------
--  DDL for Index PK_UTWORY_GATUNKI
--------------------------------------------------------

  CREATE UNIQUE INDEX "BADAGRB01"."PK_UTWORY_GATUNKI" ON "BADAGRB01"."UTWORY_GATUNKI" ("NR_NAGRANIA", "NR_GATUNKU") 
  PCTFREE 10 INITRANS 2 MAXTRANS 255 COMPUTE STATISTICS 
  STORAGE(INITIAL 65536 NEXT 1048576 MINEXTENTS 1 MAXEXTENTS 2147483645
  PCTINCREASE 0 FREELISTS 1 FREELIST GROUPS 1
  BUFFER_POOL DEFAULT FLASH_CACHE DEFAULT CELL_FLASH_CACHE DEFAULT)
  TABLESPACE "USERS" ;
--------------------------------------------------------
--  DDL for Index PK_WLASCICIELE
--------------------------------------------------------

  CREATE UNIQUE INDEX "BADAGRB01"."PK_WLASCICIELE" ON "BADAGRB01"."WLASCICIELE" ("NR_WLASCICIELA") 
  PCTFREE 10 INITRANS 2 MAXTRANS 255 COMPUTE STATISTICS 
  STORAGE(INITIAL 65536 NEXT 1048576 MINEXTENTS 1 MAXEXTENTS 2147483645
  PCTINCREASE 0 FREELISTS 1 FREELIST GROUPS 1
  BUFFER_POOL DEFAULT FLASH_CACHE DEFAULT CELL_FLASH_CACHE DEFAULT)
  TABLESPACE "USERS" ;
--------------------------------------------------------
--  DDL for Index PRACOWNIKPK
--------------------------------------------------------

  CREATE UNIQUE INDEX "BADAGRB01"."PRACOWNIKPK" ON "BADAGRB01"."PRACOWNICY" ("NR_PRACOWNIKA") 
  PCTFREE 10 INITRANS 2 MAXTRANS 255 COMPUTE STATISTICS 
  STORAGE(INITIAL 65536 NEXT 1048576 MINEXTENTS 1 MAXEXTENTS 2147483645
  PCTINCREASE 0 FREELISTS 1 FREELIST GROUPS 1
  BUFFER_POOL DEFAULT FLASH_CACHE DEFAULT CELL_FLASH_CACHE DEFAULT)
  TABLESPACE "USERS" ;
--------------------------------------------------------
--  DDL for Index REKLAMAPK
--------------------------------------------------------

  CREATE UNIQUE INDEX "BADAGRB01"."REKLAMAPK" ON "BADAGRB01"."REKLAMY" ("NR_NAGRANIA") 
  PCTFREE 10 INITRANS 2 MAXTRANS 255 COMPUTE STATISTICS 
  STORAGE(INITIAL 65536 NEXT 1048576 MINEXTENTS 1 MAXEXTENTS 2147483645
  PCTINCREASE 0 FREELISTS 1 FREELIST GROUPS 1
  BUFFER_POOL DEFAULT FLASH_CACHE DEFAULT CELL_FLASH_CACHE DEFAULT)
  TABLESPACE "USERS" ;
--------------------------------------------------------
--  DDL for Index REKLAMODAWCAPK
--------------------------------------------------------

  CREATE UNIQUE INDEX "BADAGRB01"."REKLAMODAWCAPK" ON "BADAGRB01"."REKLAMODAWCY" ("NR_REKLAMODAWCY") 
  PCTFREE 10 INITRANS 2 MAXTRANS 255 COMPUTE STATISTICS 
  STORAGE(INITIAL 65536 NEXT 1048576 MINEXTENTS 1 MAXEXTENTS 2147483645
  PCTINCREASE 0 FREELISTS 1 FREELIST GROUPS 1
  BUFFER_POOL DEFAULT FLASH_CACHE DEFAULT CELL_FLASH_CACHE DEFAULT)
  TABLESPACE "USERS" ;
--------------------------------------------------------
--  DDL for Index ROZGLOSNIAPK
--------------------------------------------------------

  CREATE UNIQUE INDEX "BADAGRB01"."ROZGLOSNIAPK" ON "BADAGRB01"."ROZGLOSNIE" ("NR_ROZGLOSNI") 
  PCTFREE 10 INITRANS 2 MAXTRANS 255 COMPUTE STATISTICS 
  STORAGE(INITIAL 65536 NEXT 1048576 MINEXTENTS 1 MAXEXTENTS 2147483645
  PCTINCREASE 0 FREELISTS 1 FREELIST GROUPS 1
  BUFFER_POOL DEFAULT FLASH_CACHE DEFAULT CELL_FLASH_CACHE DEFAULT)
  TABLESPACE "USERS" ;
--------------------------------------------------------
--  DDL for Index SPRZETPK
--------------------------------------------------------

  CREATE UNIQUE INDEX "BADAGRB01"."SPRZETPK" ON "BADAGRB01"."SPRZETY" ("NR_SPRZETU") 
  PCTFREE 10 INITRANS 2 MAXTRANS 255 COMPUTE STATISTICS 
  STORAGE(INITIAL 65536 NEXT 1048576 MINEXTENTS 1 MAXEXTENTS 2147483645
  PCTINCREASE 0 FREELISTS 1 FREELIST GROUPS 1
  BUFFER_POOL DEFAULT FLASH_CACHE DEFAULT CELL_FLASH_CACHE DEFAULT)
  TABLESPACE "USERS" ;
--------------------------------------------------------
--  DDL for Index UNIQUE_IDENTIFIER2
--------------------------------------------------------

  CREATE UNIQUE INDEX "BADAGRB01"."UNIQUE_IDENTIFIER2" ON "BADAGRB01"."REPORTERZY" ("NR_PRACOWNIKA") 
  PCTFREE 10 INITRANS 2 MAXTRANS 255 COMPUTE STATISTICS 
  STORAGE(INITIAL 65536 NEXT 1048576 MINEXTENTS 1 MAXEXTENTS 2147483645
  PCTINCREASE 0 FREELISTS 1 FREELIST GROUPS 1
  BUFFER_POOL DEFAULT FLASH_CACHE DEFAULT CELL_FLASH_CACHE DEFAULT)
  TABLESPACE "USERS" ;
--------------------------------------------------------
--  DDL for Index UTWORPK
--------------------------------------------------------

  CREATE UNIQUE INDEX "BADAGRB01"."UTWORPK" ON "BADAGRB01"."UTWORY" ("NR_NAGRANIA") 
  PCTFREE 10 INITRANS 2 MAXTRANS 255 COMPUTE STATISTICS 
  STORAGE(INITIAL 65536 NEXT 1048576 MINEXTENTS 1 MAXEXTENTS 2147483645
  PCTINCREASE 0 FREELISTS 1 FREELIST GROUPS 1
  BUFFER_POOL DEFAULT FLASH_CACHE DEFAULT CELL_FLASH_CACHE DEFAULT)
  TABLESPACE "USERS" ;
--------------------------------------------------------
--  DDL for Index PK_ADRESY
--------------------------------------------------------

  CREATE UNIQUE INDEX "BADAGRB01"."PK_ADRESY" ON "BADAGRB01"."ADRESY" ("NR_ADRESU") 
  PCTFREE 10 INITRANS 2 MAXTRANS 255 COMPUTE STATISTICS 
  STORAGE(INITIAL 65536 NEXT 1048576 MINEXTENTS 1 MAXEXTENTS 2147483645
  PCTINCREASE 0 FREELISTS 1 FREELIST GROUPS 1
  BUFFER_POOL DEFAULT FLASH_CACHE DEFAULT CELL_FLASH_CACHE DEFAULT)
  TABLESPACE "USERS" ;
--------------------------------------------------------
--  DDL for Index IX_NADAJE
--------------------------------------------------------

  CREATE INDEX "BADAGRB01"."IX_NADAJE" ON "BADAGRB01"."AUDYCJE" ("NR_ROZGLOSNI") 
  PCTFREE 10 INITRANS 2 MAXTRANS 255 COMPUTE STATISTICS 
  STORAGE(INITIAL 65536 NEXT 1048576 MINEXTENTS 1 MAXEXTENTS 2147483645
  PCTINCREASE 0 FREELISTS 1 FREELIST GROUPS 1
  BUFFER_POOL DEFAULT FLASH_CACHE DEFAULT CELL_FLASH_CACHE DEFAULT)
  TABLESPACE "USERS" ;
--------------------------------------------------------
--  DDL for Index AUDYCJAPK
--------------------------------------------------------

  CREATE UNIQUE INDEX "BADAGRB01"."AUDYCJAPK" ON "BADAGRB01"."AUDYCJE" ("NR_AUDYCJI") 
  PCTFREE 10 INITRANS 2 MAXTRANS 255 COMPUTE STATISTICS 
  STORAGE(INITIAL 65536 NEXT 1048576 MINEXTENTS 1 MAXEXTENTS 2147483645
  PCTINCREASE 0 FREELISTS 1 FREELIST GROUPS 1
  BUFFER_POOL DEFAULT FLASH_CACHE DEFAULT CELL_FLASH_CACHE DEFAULT)
  TABLESPACE "USERS" ;
--------------------------------------------------------
--  DDL for Index PK_AUTORZY
--------------------------------------------------------

  CREATE UNIQUE INDEX "BADAGRB01"."PK_AUTORZY" ON "BADAGRB01"."AUTORZY" ("NR_AUTORA") 
  PCTFREE 10 INITRANS 2 MAXTRANS 255 COMPUTE STATISTICS 
  STORAGE(INITIAL 65536 NEXT 1048576 MINEXTENTS 1 MAXEXTENTS 2147483645
  PCTINCREASE 0 FREELISTS 1 FREELIST GROUPS 1
  BUFFER_POOL DEFAULT FLASH_CACHE DEFAULT CELL_FLASH_CACHE DEFAULT)
  TABLESPACE "USERS" ;
--------------------------------------------------------
--  DDL for Index IX_RELATIONSHIP3
--------------------------------------------------------

  CREATE INDEX "BADAGRB01"."IX_RELATIONSHIP3" ON "BADAGRB01"."AUTORZY" ("NR_ROZGLOSNI") 
  PCTFREE 10 INITRANS 2 MAXTRANS 255 COMPUTE STATISTICS 
  STORAGE(INITIAL 65536 NEXT 1048576 MINEXTENTS 1 MAXEXTENTS 2147483645
  PCTINCREASE 0 FREELISTS 1 FREELIST GROUPS 1
  BUFFER_POOL DEFAULT FLASH_CACHE DEFAULT CELL_FLASH_CACHE DEFAULT)
  TABLESPACE "USERS" ;
--------------------------------------------------------
--  DDL for Index PK_GATUNKI
--------------------------------------------------------

  CREATE UNIQUE INDEX "BADAGRB01"."PK_GATUNKI" ON "BADAGRB01"."GATUNKI" ("NR_GATUNKU") 
  PCTFREE 10 INITRANS 2 MAXTRANS 255 COMPUTE STATISTICS 
  STORAGE(INITIAL 65536 NEXT 1048576 MINEXTENTS 1 MAXEXTENTS 2147483645
  PCTINCREASE 0 FREELISTS 1 FREELIST GROUPS 1
  BUFFER_POOL DEFAULT FLASH_CACHE DEFAULT CELL_FLASH_CACHE DEFAULT)
  TABLESPACE "USERS" ;
--------------------------------------------------------
--  DDL for Index NAZWA
--------------------------------------------------------

  CREATE UNIQUE INDEX "BADAGRB01"."NAZWA" ON "BADAGRB01"."GATUNKI" ("NAZWA") 
  PCTFREE 10 INITRANS 2 MAXTRANS 255 COMPUTE STATISTICS 
  STORAGE(INITIAL 65536 NEXT 1048576 MINEXTENTS 1 MAXEXTENTS 2147483645
  PCTINCREASE 0 FREELISTS 1 FREELIST GROUPS 1
  BUFFER_POOL DEFAULT FLASH_CACHE DEFAULT CELL_FLASH_CACHE DEFAULT)
  TABLESPACE "USERS" ;
--------------------------------------------------------
--  DDL for Index IX_RELATIONSHIP10
--------------------------------------------------------

  CREATE INDEX "BADAGRB01"."IX_RELATIONSHIP10" ON "BADAGRB01"."GATUNKI" ("NR_ROZGLOSNI") 
  PCTFREE 10 INITRANS 2 MAXTRANS 255 COMPUTE STATISTICS 
  STORAGE(INITIAL 65536 NEXT 1048576 MINEXTENTS 1 MAXEXTENTS 2147483645
  PCTINCREASE 0 FREELISTS 1 FREELIST GROUPS 1
  BUFFER_POOL DEFAULT FLASH_CACHE DEFAULT CELL_FLASH_CACHE DEFAULT)
  TABLESPACE "USERS" ;
--------------------------------------------------------
--  DDL for Index IX_ZAPRASZA
--------------------------------------------------------

  CREATE INDEX "BADAGRB01"."IX_ZAPRASZA" ON "BADAGRB01"."GOSCIE" ("NR_ROZGLOSNI") 
  PCTFREE 10 INITRANS 2 MAXTRANS 255 COMPUTE STATISTICS 
  STORAGE(INITIAL 65536 NEXT 1048576 MINEXTENTS 1 MAXEXTENTS 2147483645
  PCTINCREASE 0 FREELISTS 1 FREELIST GROUPS 1
  BUFFER_POOL DEFAULT FLASH_CACHE DEFAULT CELL_FLASH_CACHE DEFAULT)
  TABLESPACE "USERS" ;
--------------------------------------------------------
--  DDL for Index GOSCPK
--------------------------------------------------------

  CREATE UNIQUE INDEX "BADAGRB01"."GOSCPK" ON "BADAGRB01"."GOSCIE" ("NR_GOSCIA") 
  PCTFREE 10 INITRANS 2 MAXTRANS 255 COMPUTE STATISTICS 
  STORAGE(INITIAL 65536 NEXT 1048576 MINEXTENTS 1 MAXEXTENTS 2147483645
  PCTINCREASE 0 FREELISTS 1 FREELIST GROUPS 1
  BUFFER_POOL DEFAULT FLASH_CACHE DEFAULT CELL_FLASH_CACHE DEFAULT)
  TABLESPACE "USERS" ;
--------------------------------------------------------
--  DDL for Index IX_MA_W_BAZIE
--------------------------------------------------------

  CREATE INDEX "BADAGRB01"."IX_MA_W_BAZIE" ON "BADAGRB01"."NAGRANIA" ("NR_ROZGLOSNI") 
  PCTFREE 10 INITRANS 2 MAXTRANS 255 COMPUTE STATISTICS 
  STORAGE(INITIAL 65536 NEXT 1048576 MINEXTENTS 1 MAXEXTENTS 2147483645
  PCTINCREASE 0 FREELISTS 1 FREELIST GROUPS 1
  BUFFER_POOL DEFAULT FLASH_CACHE DEFAULT CELL_FLASH_CACHE DEFAULT)
  TABLESPACE "USERS" ;
--------------------------------------------------------
--  DDL for Index NAGRANIEPK
--------------------------------------------------------

  CREATE UNIQUE INDEX "BADAGRB01"."NAGRANIEPK" ON "BADAGRB01"."NAGRANIA" ("NR_NAGRANIA") 
  PCTFREE 10 INITRANS 2 MAXTRANS 255 COMPUTE STATISTICS 
  STORAGE(INITIAL 65536 NEXT 1048576 MINEXTENTS 1 MAXEXTENTS 2147483645
  PCTINCREASE 0 FREELISTS 1 FREELIST GROUPS 1
  BUFFER_POOL DEFAULT FLASH_CACHE DEFAULT CELL_FLASH_CACHE DEFAULT)
  TABLESPACE "USERS" ;
--------------------------------------------------------
--  DDL for Index IX_ZATRUDNIA
--------------------------------------------------------

  CREATE INDEX "BADAGRB01"."IX_ZATRUDNIA" ON "BADAGRB01"."PRACOWNICY" ("NR_ROZGLOSNI") 
  PCTFREE 10 INITRANS 2 MAXTRANS 255 COMPUTE STATISTICS 
  STORAGE(INITIAL 65536 NEXT 1048576 MINEXTENTS 1 MAXEXTENTS 2147483645
  PCTINCREASE 0 FREELISTS 1 FREELIST GROUPS 1
  BUFFER_POOL DEFAULT FLASH_CACHE DEFAULT CELL_FLASH_CACHE DEFAULT)
  TABLESPACE "USERS" ;
--------------------------------------------------------
--  DDL for Index IX_RELATIONSHIP9
--------------------------------------------------------

  CREATE INDEX "BADAGRB01"."IX_RELATIONSHIP9" ON "BADAGRB01"."PRACOWNICY" ("NR_ADRESU") 
  PCTFREE 10 INITRANS 2 MAXTRANS 255 COMPUTE STATISTICS 
  STORAGE(INITIAL 65536 NEXT 1048576 MINEXTENTS 1 MAXEXTENTS 2147483645
  PCTINCREASE 0 FREELISTS 1 FREELIST GROUPS 1
  BUFFER_POOL DEFAULT FLASH_CACHE DEFAULT CELL_FLASH_CACHE DEFAULT)
  TABLESPACE "USERS" ;
--------------------------------------------------------
--  DDL for Index IX_RELATIONSHIP1
--------------------------------------------------------

  CREATE INDEX "BADAGRB01"."IX_RELATIONSHIP1" ON "BADAGRB01"."PRACOWNICY" ("NR_STANOWISKA") 
  PCTFREE 10 INITRANS 2 MAXTRANS 255 COMPUTE STATISTICS 
  STORAGE(INITIAL 65536 NEXT 1048576 MINEXTENTS 1 MAXEXTENTS 2147483645
  PCTINCREASE 0 FREELISTS 1 FREELIST GROUPS 1
  BUFFER_POOL DEFAULT FLASH_CACHE DEFAULT CELL_FLASH_CACHE DEFAULT)
  TABLESPACE "USERS" ;
--------------------------------------------------------
--  DDL for Index PRACOWNIKPK
--------------------------------------------------------

  CREATE UNIQUE INDEX "BADAGRB01"."PRACOWNIKPK" ON "BADAGRB01"."PRACOWNICY" ("NR_PRACOWNIKA") 
  PCTFREE 10 INITRANS 2 MAXTRANS 255 COMPUTE STATISTICS 
  STORAGE(INITIAL 65536 NEXT 1048576 MINEXTENTS 1 MAXEXTENTS 2147483645
  PCTINCREASE 0 FREELISTS 1 FREELIST GROUPS 1
  BUFFER_POOL DEFAULT FLASH_CACHE DEFAULT CELL_FLASH_CACHE DEFAULT)
  TABLESPACE "USERS" ;
--------------------------------------------------------
--  DDL for Index REKLAMODAWCAPK
--------------------------------------------------------

  CREATE UNIQUE INDEX "BADAGRB01"."REKLAMODAWCAPK" ON "BADAGRB01"."REKLAMODAWCY" ("NR_REKLAMODAWCY") 
  PCTFREE 10 INITRANS 2 MAXTRANS 255 COMPUTE STATISTICS 
  STORAGE(INITIAL 65536 NEXT 1048576 MINEXTENTS 1 MAXEXTENTS 2147483645
  PCTINCREASE 0 FREELISTS 1 FREELIST GROUPS 1
  BUFFER_POOL DEFAULT FLASH_CACHE DEFAULT CELL_FLASH_CACHE DEFAULT)
  TABLESPACE "USERS" ;
--------------------------------------------------------
--  DDL for Index IX_ZLECA
--------------------------------------------------------

  CREATE INDEX "BADAGRB01"."IX_ZLECA" ON "BADAGRB01"."REKLAMY" ("NR_REKLAMODAWCY") 
  PCTFREE 10 INITRANS 2 MAXTRANS 255 COMPUTE STATISTICS 
  STORAGE(INITIAL 65536 NEXT 1048576 MINEXTENTS 1 MAXEXTENTS 2147483645
  PCTINCREASE 0 FREELISTS 1 FREELIST GROUPS 1
  BUFFER_POOL DEFAULT FLASH_CACHE DEFAULT CELL_FLASH_CACHE DEFAULT)
  TABLESPACE "USERS" ;
--------------------------------------------------------
--  DDL for Index REKLAMAPK
--------------------------------------------------------

  CREATE UNIQUE INDEX "BADAGRB01"."REKLAMAPK" ON "BADAGRB01"."REKLAMY" ("NR_NAGRANIA") 
  PCTFREE 10 INITRANS 2 MAXTRANS 255 COMPUTE STATISTICS 
  STORAGE(INITIAL 65536 NEXT 1048576 MINEXTENTS 1 MAXEXTENTS 2147483645
  PCTINCREASE 0 FREELISTS 1 FREELIST GROUPS 1
  BUFFER_POOL DEFAULT FLASH_CACHE DEFAULT CELL_FLASH_CACHE DEFAULT)
  TABLESPACE "USERS" ;
--------------------------------------------------------
--  DDL for Index UNIQUE_IDENTIFIER2
--------------------------------------------------------

  CREATE UNIQUE INDEX "BADAGRB01"."UNIQUE_IDENTIFIER2" ON "BADAGRB01"."REPORTERZY" ("NR_PRACOWNIKA") 
  PCTFREE 10 INITRANS 2 MAXTRANS 255 COMPUTE STATISTICS 
  STORAGE(INITIAL 65536 NEXT 1048576 MINEXTENTS 1 MAXEXTENTS 2147483645
  PCTINCREASE 0 FREELISTS 1 FREELIST GROUPS 1
  BUFFER_POOL DEFAULT FLASH_CACHE DEFAULT CELL_FLASH_CACHE DEFAULT)
  TABLESPACE "USERS" ;
--------------------------------------------------------
--  DDL for Index IX_RELATIONSHIP2
--------------------------------------------------------

  CREATE INDEX "BADAGRB01"."IX_RELATIONSHIP2" ON "BADAGRB01"."ROZGLOSNIE" ("NR_ADRESU") 
  PCTFREE 10 INITRANS 2 MAXTRANS 255 COMPUTE STATISTICS 
  STORAGE(INITIAL 65536 NEXT 1048576 MINEXTENTS 1 MAXEXTENTS 2147483645
  PCTINCREASE 0 FREELISTS 1 FREELIST GROUPS 1
  BUFFER_POOL DEFAULT FLASH_CACHE DEFAULT CELL_FLASH_CACHE DEFAULT)
  TABLESPACE "USERS" ;
--------------------------------------------------------
--  DDL for Index ROZGLOSNIAPK
--------------------------------------------------------

  CREATE UNIQUE INDEX "BADAGRB01"."ROZGLOSNIAPK" ON "BADAGRB01"."ROZGLOSNIE" ("NR_ROZGLOSNI") 
  PCTFREE 10 INITRANS 2 MAXTRANS 255 COMPUTE STATISTICS 
  STORAGE(INITIAL 65536 NEXT 1048576 MINEXTENTS 1 MAXEXTENTS 2147483645
  PCTINCREASE 0 FREELISTS 1 FREELIST GROUPS 1
  BUFFER_POOL DEFAULT FLASH_CACHE DEFAULT CELL_FLASH_CACHE DEFAULT)
  TABLESPACE "USERS" ;
--------------------------------------------------------
--  DDL for Index IX_POSIADA
--------------------------------------------------------

  CREATE INDEX "BADAGRB01"."IX_POSIADA" ON "BADAGRB01"."SPRZETY" ("NR_ROZGLOSNI") 
  PCTFREE 10 INITRANS 2 MAXTRANS 255 COMPUTE STATISTICS 
  STORAGE(INITIAL 65536 NEXT 1048576 MINEXTENTS 1 MAXEXTENTS 2147483645
  PCTINCREASE 0 FREELISTS 1 FREELIST GROUPS 1
  BUFFER_POOL DEFAULT FLASH_CACHE DEFAULT CELL_FLASH_CACHE DEFAULT)
  TABLESPACE "USERS" ;
--------------------------------------------------------
--  DDL for Index SPRZETPK
--------------------------------------------------------

  CREATE UNIQUE INDEX "BADAGRB01"."SPRZETPK" ON "BADAGRB01"."SPRZETY" ("NR_SPRZETU") 
  PCTFREE 10 INITRANS 2 MAXTRANS 255 COMPUTE STATISTICS 
  STORAGE(INITIAL 65536 NEXT 1048576 MINEXTENTS 1 MAXEXTENTS 2147483645
  PCTINCREASE 0 FREELISTS 1 FREELIST GROUPS 1
  BUFFER_POOL DEFAULT FLASH_CACHE DEFAULT CELL_FLASH_CACHE DEFAULT)
  TABLESPACE "USERS" ;
--------------------------------------------------------
--  DDL for Index PK_STANOWISKO
--------------------------------------------------------

  CREATE UNIQUE INDEX "BADAGRB01"."PK_STANOWISKO" ON "BADAGRB01"."STANOWISKO" ("NR_STANOWISKA") 
  PCTFREE 10 INITRANS 2 MAXTRANS 255 COMPUTE STATISTICS 
  STORAGE(INITIAL 65536 NEXT 1048576 MINEXTENTS 1 MAXEXTENTS 2147483645
  PCTINCREASE 0 FREELISTS 1 FREELIST GROUPS 1
  BUFFER_POOL DEFAULT FLASH_CACHE DEFAULT CELL_FLASH_CACHE DEFAULT)
  TABLESPACE "USERS" ;
--------------------------------------------------------
--  DDL for Index UTWORPK
--------------------------------------------------------

  CREATE UNIQUE INDEX "BADAGRB01"."UTWORPK" ON "BADAGRB01"."UTWORY" ("NR_NAGRANIA") 
  PCTFREE 10 INITRANS 2 MAXTRANS 255 COMPUTE STATISTICS 
  STORAGE(INITIAL 65536 NEXT 1048576 MINEXTENTS 1 MAXEXTENTS 2147483645
  PCTINCREASE 0 FREELISTS 1 FREELIST GROUPS 1
  BUFFER_POOL DEFAULT FLASH_CACHE DEFAULT CELL_FLASH_CACHE DEFAULT)
  TABLESPACE "USERS" ;
--------------------------------------------------------
--  DDL for Index PK_UTWORY_AUTORZY
--------------------------------------------------------

  CREATE UNIQUE INDEX "BADAGRB01"."PK_UTWORY_AUTORZY" ON "BADAGRB01"."UTWORY_AUTORZY" ("NR_NAGRANIA", "NR_AUTORA") 
  PCTFREE 10 INITRANS 2 MAXTRANS 255 COMPUTE STATISTICS 
  STORAGE(INITIAL 65536 NEXT 1048576 MINEXTENTS 1 MAXEXTENTS 2147483645
  PCTINCREASE 0 FREELISTS 1 FREELIST GROUPS 1
  BUFFER_POOL DEFAULT FLASH_CACHE DEFAULT CELL_FLASH_CACHE DEFAULT)
  TABLESPACE "USERS" ;
--------------------------------------------------------
--  DDL for Index PK_UTWORY_GATUNKI
--------------------------------------------------------

  CREATE UNIQUE INDEX "BADAGRB01"."PK_UTWORY_GATUNKI" ON "BADAGRB01"."UTWORY_GATUNKI" ("NR_NAGRANIA", "NR_GATUNKU") 
  PCTFREE 10 INITRANS 2 MAXTRANS 255 COMPUTE STATISTICS 
  STORAGE(INITIAL 65536 NEXT 1048576 MINEXTENTS 1 MAXEXTENTS 2147483645
  PCTINCREASE 0 FREELISTS 1 FREELIST GROUPS 1
  BUFFER_POOL DEFAULT FLASH_CACHE DEFAULT CELL_FLASH_CACHE DEFAULT)
  TABLESPACE "USERS" ;
--------------------------------------------------------
--  DDL for Index IX_WLASCICIELE
--------------------------------------------------------

  CREATE INDEX "BADAGRB01"."IX_WLASCICIELE" ON "BADAGRB01"."WLASCICIELE" ("NR_ADRESU") 
  PCTFREE 10 INITRANS 2 MAXTRANS 255 COMPUTE STATISTICS 
  STORAGE(INITIAL 65536 NEXT 1048576 MINEXTENTS 1 MAXEXTENTS 2147483645
  PCTINCREASE 0 FREELISTS 1 FREELIST GROUPS 1
  BUFFER_POOL DEFAULT FLASH_CACHE DEFAULT CELL_FLASH_CACHE DEFAULT)
  TABLESPACE "USERS" ;
--------------------------------------------------------
--  DDL for Index IX_RELATIONSHIP4
--------------------------------------------------------

  CREATE INDEX "BADAGRB01"."IX_RELATIONSHIP4" ON "BADAGRB01"."WLASCICIELE" ("NR_ROZGLOSNI") 
  PCTFREE 10 INITRANS 2 MAXTRANS 255 COMPUTE STATISTICS 
  STORAGE(INITIAL 65536 NEXT 1048576 MINEXTENTS 1 MAXEXTENTS 2147483645
  PCTINCREASE 0 FREELISTS 1 FREELIST GROUPS 1
  BUFFER_POOL DEFAULT FLASH_CACHE DEFAULT CELL_FLASH_CACHE DEFAULT)
  TABLESPACE "USERS" ;
--------------------------------------------------------
--  DDL for Index PK_WLASCICIELE
--------------------------------------------------------

  CREATE UNIQUE INDEX "BADAGRB01"."PK_WLASCICIELE" ON "BADAGRB01"."WLASCICIELE" ("NR_WLASCICIELA") 
  PCTFREE 10 INITRANS 2 MAXTRANS 255 COMPUTE STATISTICS 
  STORAGE(INITIAL 65536 NEXT 1048576 MINEXTENTS 1 MAXEXTENTS 2147483645
  PCTINCREASE 0 FREELISTS 1 FREELIST GROUPS 1
  BUFFER_POOL DEFAULT FLASH_CACHE DEFAULT CELL_FLASH_CACHE DEFAULT)
  TABLESPACE "USERS" ;
--------------------------------------------------------
--  DDL for Trigger TSU_ADRESY_ADRESS
--------------------------------------------------------

  CREATE OR REPLACE NONEDITIONABLE TRIGGER "BADAGRB01"."TSU_ADRESY_ADRESS" AFTER UPDATE OF Nr_adresu
ON Adresy FOR EACH ROW
BEGIN
  RAISE_APPLICATION_ERROR(-20010,'Cannot update column Nr_adresu in table Adresy as it uses sequence.');
END;
/
ALTER TRIGGER "BADAGRB01"."TSU_ADRESY_ADRESS" ENABLE;
--------------------------------------------------------
--  DDL for Trigger TSU_AUDYCJE_AUDYCJAS
--------------------------------------------------------

  CREATE OR REPLACE NONEDITIONABLE TRIGGER "BADAGRB01"."TSU_AUDYCJE_AUDYCJAS" AFTER UPDATE OF Nr_audycji
ON Audycje FOR EACH ROW
BEGIN
  RAISE_APPLICATION_ERROR(-20010,'Cannot update column Nr_audycji in table Audycje as it uses sequence.');
END;
/
ALTER TRIGGER "BADAGRB01"."TSU_AUDYCJE_AUDYCJAS" ENABLE;
--------------------------------------------------------
--  DDL for Trigger TSU_AUTORZY_AUTORS
--------------------------------------------------------

  CREATE OR REPLACE NONEDITIONABLE TRIGGER "BADAGRB01"."TSU_AUTORZY_AUTORS" AFTER UPDATE OF Nr_autora
ON Autorzy FOR EACH ROW
BEGIN
  RAISE_APPLICATION_ERROR(-20010,'Cannot update column Nr_autora in table Autorzy as it uses sequence.');
END;
/
ALTER TRIGGER "BADAGRB01"."TSU_AUTORZY_AUTORS" ENABLE;
--------------------------------------------------------
--  DDL for Trigger TSU_GATUNKI_GATUNEKS
--------------------------------------------------------

  CREATE OR REPLACE NONEDITIONABLE TRIGGER "BADAGRB01"."TSU_GATUNKI_GATUNEKS" AFTER UPDATE OF Nr_gatunku
ON Gatunki FOR EACH ROW
BEGIN
  RAISE_APPLICATION_ERROR(-20010,'Cannot update column Nr_gatunku in table Gatunki as it uses sequence.');
END;
/
ALTER TRIGGER "BADAGRB01"."TSU_GATUNKI_GATUNEKS" ENABLE;
--------------------------------------------------------
--  DDL for Trigger TSU_GOSCIE_GOSCS
--------------------------------------------------------

  CREATE OR REPLACE NONEDITIONABLE TRIGGER "BADAGRB01"."TSU_GOSCIE_GOSCS" AFTER UPDATE OF Nr_goscia
ON Goscie FOR EACH ROW
BEGIN
  RAISE_APPLICATION_ERROR(-20010,'Cannot update column Nr_goscia in table Goscie as it uses sequence.');
END;
/
ALTER TRIGGER "BADAGRB01"."TSU_GOSCIE_GOSCS" ENABLE;
--------------------------------------------------------
--  DDL for Trigger TSU_NAGRANIA_NAGRANIES
--------------------------------------------------------

  CREATE OR REPLACE NONEDITIONABLE TRIGGER "BADAGRB01"."TSU_NAGRANIA_NAGRANIES" AFTER UPDATE OF Nr_nagrania
ON Nagrania FOR EACH ROW
BEGIN
  RAISE_APPLICATION_ERROR(-20010,'Cannot update column Nr_nagrania in table Nagrania as it uses sequence.');
END;
/
ALTER TRIGGER "BADAGRB01"."TSU_NAGRANIA_NAGRANIES" ENABLE;
--------------------------------------------------------
--  DDL for Trigger TSU_PRACOWNICY_PRACOWNIKS
--------------------------------------------------------

  CREATE OR REPLACE NONEDITIONABLE TRIGGER "BADAGRB01"."TSU_PRACOWNICY_PRACOWNIKS" AFTER UPDATE OF Nr_pracownika
ON Pracownicy FOR EACH ROW
BEGIN
  RAISE_APPLICATION_ERROR(-20010,'Cannot update column Nr_pracownika in table Pracownicy as it uses sequence.');
END;
/
ALTER TRIGGER "BADAGRB01"."TSU_PRACOWNICY_PRACOWNIKS" ENABLE;
--------------------------------------------------------
--  DDL for Trigger TSU_REKLAMODAWCY_REKLAMODAWCAS
--------------------------------------------------------

  CREATE OR REPLACE NONEDITIONABLE TRIGGER "BADAGRB01"."TSU_REKLAMODAWCY_REKLAMODAWCAS" AFTER UPDATE OF Nr_reklamodawcy
ON Reklamodawcy FOR EACH ROW
BEGIN
  RAISE_APPLICATION_ERROR(-20010,'Cannot update column Nr_reklamodawcy in table Reklamodawcy as it uses sequence.');
END;
/
ALTER TRIGGER "BADAGRB01"."TSU_REKLAMODAWCY_REKLAMODAWCAS" ENABLE;
--------------------------------------------------------
--  DDL for Trigger TSU_ROZGLOSNIE_ROZGLOSNIES
--------------------------------------------------------

  CREATE OR REPLACE NONEDITIONABLE TRIGGER "BADAGRB01"."TSU_ROZGLOSNIE_ROZGLOSNIES" AFTER UPDATE OF Nr_rozglosni
ON Rozglosnie FOR EACH ROW
BEGIN
  RAISE_APPLICATION_ERROR(-20010,'Cannot update column Nr_rozglosni in table Rozglosnie as it uses sequence.');
END;
/
ALTER TRIGGER "BADAGRB01"."TSU_ROZGLOSNIE_ROZGLOSNIES" ENABLE;
--------------------------------------------------------
--  DDL for Trigger TSU_SPRZETY_SPRZETS
--------------------------------------------------------

  CREATE OR REPLACE NONEDITIONABLE TRIGGER "BADAGRB01"."TSU_SPRZETY_SPRZETS" AFTER UPDATE OF Nr_sprzetu
ON Sprzety FOR EACH ROW
BEGIN
  RAISE_APPLICATION_ERROR(-20010,'Cannot update column Nr_sprzetu in table Sprzety as it uses sequence.');
END;
/
ALTER TRIGGER "BADAGRB01"."TSU_SPRZETY_SPRZETS" ENABLE;
--------------------------------------------------------
--  DDL for Trigger TSU_STANOWISKO_STANOWISKOS
--------------------------------------------------------

  CREATE OR REPLACE NONEDITIONABLE TRIGGER "BADAGRB01"."TSU_STANOWISKO_STANOWISKOS" AFTER UPDATE OF Nr_stanowiska
ON Stanowisko FOR EACH ROW
BEGIN
  RAISE_APPLICATION_ERROR(-20010,'Cannot update column Nr_stanowiska in table Stanowisko as it uses sequence.');
END;
/
ALTER TRIGGER "BADAGRB01"."TSU_STANOWISKO_STANOWISKOS" ENABLE;
--------------------------------------------------------
--  DDL for Trigger TSU_WLASCICIELE_WLASCICIELS
--------------------------------------------------------

  CREATE OR REPLACE NONEDITIONABLE TRIGGER "BADAGRB01"."TSU_WLASCICIELE_WLASCICIELS" AFTER UPDATE OF Nr_wlasciciela
ON Wlasciciele FOR EACH ROW
BEGIN
  RAISE_APPLICATION_ERROR(-20010,'Cannot update column Nr_wlasciciela in table Wlasciciele as it uses sequence.');
END;
/
ALTER TRIGGER "BADAGRB01"."TSU_WLASCICIELE_WLASCICIELS" ENABLE;
--------------------------------------------------------
--  DDL for Trigger TS_ADRESY_ADRESS
--------------------------------------------------------

  CREATE OR REPLACE NONEDITIONABLE TRIGGER "BADAGRB01"."TS_ADRESY_ADRESS" BEFORE INSERT
ON Adresy FOR EACH ROW
BEGIN
  :new.Nr_adresu := AdresS.nextval;
END;
/
ALTER TRIGGER "BADAGRB01"."TS_ADRESY_ADRESS" ENABLE;
--------------------------------------------------------
--  DDL for Trigger TS_AUDYCJE_AUDYCJAS
--------------------------------------------------------

  CREATE OR REPLACE NONEDITIONABLE TRIGGER "BADAGRB01"."TS_AUDYCJE_AUDYCJAS" BEFORE INSERT
ON Audycje FOR EACH ROW
BEGIN
  :new.Nr_audycji := AudycjaS.nextval;
END;
/
ALTER TRIGGER "BADAGRB01"."TS_AUDYCJE_AUDYCJAS" ENABLE;
--------------------------------------------------------
--  DDL for Trigger TS_AUTORZY_AUTORS
--------------------------------------------------------

  CREATE OR REPLACE NONEDITIONABLE TRIGGER "BADAGRB01"."TS_AUTORZY_AUTORS" BEFORE INSERT
ON Autorzy FOR EACH ROW
BEGIN
  :new.Nr_autora := AutorS.nextval;
END;
/
ALTER TRIGGER "BADAGRB01"."TS_AUTORZY_AUTORS" ENABLE;
--------------------------------------------------------
--  DDL for Trigger TS_GATUNKI_GATUNEKS
--------------------------------------------------------

  CREATE OR REPLACE NONEDITIONABLE TRIGGER "BADAGRB01"."TS_GATUNKI_GATUNEKS" BEFORE INSERT
ON Gatunki FOR EACH ROW
BEGIN
  :new.Nr_gatunku := GatunekS.nextval;
END;
/
ALTER TRIGGER "BADAGRB01"."TS_GATUNKI_GATUNEKS" ENABLE;
--------------------------------------------------------
--  DDL for Trigger TS_GOSCIE_GOSCS
--------------------------------------------------------

  CREATE OR REPLACE NONEDITIONABLE TRIGGER "BADAGRB01"."TS_GOSCIE_GOSCS" BEFORE INSERT
ON Goscie FOR EACH ROW
BEGIN
  :new.Nr_goscia := GoscS.nextval;
END;
/
ALTER TRIGGER "BADAGRB01"."TS_GOSCIE_GOSCS" ENABLE;
--------------------------------------------------------
--  DDL for Trigger TS_NAGRANIA_NAGRANIES
--------------------------------------------------------

  CREATE OR REPLACE NONEDITIONABLE TRIGGER "BADAGRB01"."TS_NAGRANIA_NAGRANIES" BEFORE INSERT
ON Nagrania FOR EACH ROW
BEGIN
  :new.Nr_nagrania := NagranieS.nextval;
END;
/
ALTER TRIGGER "BADAGRB01"."TS_NAGRANIA_NAGRANIES" ENABLE;
--------------------------------------------------------
--  DDL for Trigger TS_PRACOWNICY_PRACOWNIKS
--------------------------------------------------------

  CREATE OR REPLACE NONEDITIONABLE TRIGGER "BADAGRB01"."TS_PRACOWNICY_PRACOWNIKS" BEFORE INSERT
ON Pracownicy FOR EACH ROW
BEGIN
  :new.Nr_pracownika := PracownikS.nextval;
END;
/
ALTER TRIGGER "BADAGRB01"."TS_PRACOWNICY_PRACOWNIKS" ENABLE;
--------------------------------------------------------
--  DDL for Trigger TS_REKLAMODAWCY_REKLAMODAWCAS
--------------------------------------------------------

  CREATE OR REPLACE NONEDITIONABLE TRIGGER "BADAGRB01"."TS_REKLAMODAWCY_REKLAMODAWCAS" BEFORE INSERT
ON Reklamodawcy FOR EACH ROW
BEGIN
  :new.Nr_reklamodawcy := ReklamodawcaS.nextval;
END;
/
ALTER TRIGGER "BADAGRB01"."TS_REKLAMODAWCY_REKLAMODAWCAS" ENABLE;
--------------------------------------------------------
--  DDL for Trigger TS_ROZGLOSNIE_ROZGLOSNIES
--------------------------------------------------------

  CREATE OR REPLACE NONEDITIONABLE TRIGGER "BADAGRB01"."TS_ROZGLOSNIE_ROZGLOSNIES" BEFORE INSERT
ON Rozglosnie FOR EACH ROW
BEGIN
  :new.Nr_rozglosni := RozglosnieS.nextval;
END;
/
ALTER TRIGGER "BADAGRB01"."TS_ROZGLOSNIE_ROZGLOSNIES" ENABLE;
--------------------------------------------------------
--  DDL for Trigger TS_SPRZETY_SPRZETS
--------------------------------------------------------

  CREATE OR REPLACE NONEDITIONABLE TRIGGER "BADAGRB01"."TS_SPRZETY_SPRZETS" BEFORE INSERT
ON Sprzety FOR EACH ROW
BEGIN
  :new.Nr_sprzetu := SprzetS.nextval;
END;
/
ALTER TRIGGER "BADAGRB01"."TS_SPRZETY_SPRZETS" ENABLE;
--------------------------------------------------------
--  DDL for Trigger TS_STANOWISKO_STANOWISKOS
--------------------------------------------------------

  CREATE OR REPLACE NONEDITIONABLE TRIGGER "BADAGRB01"."TS_STANOWISKO_STANOWISKOS" BEFORE INSERT
ON Stanowisko FOR EACH ROW
BEGIN
  :new.Nr_stanowiska := StanowiskoS.nextval;
END;
/
ALTER TRIGGER "BADAGRB01"."TS_STANOWISKO_STANOWISKOS" ENABLE;
--------------------------------------------------------
--  DDL for Trigger TS_WLASCICIELE_WLASCICIELS
--------------------------------------------------------

  CREATE OR REPLACE NONEDITIONABLE TRIGGER "BADAGRB01"."TS_WLASCICIELE_WLASCICIELS" BEFORE INSERT
ON Wlasciciele FOR EACH ROW
BEGIN
  :new.Nr_wlasciciela := WlascicielS.nextval;
END;
/
ALTER TRIGGER "BADAGRB01"."TS_WLASCICIELE_WLASCICIELS" ENABLE;
--------------------------------------------------------
--  DDL for Trigger TS_ADRESY_ADRESS
--------------------------------------------------------

  CREATE OR REPLACE NONEDITIONABLE TRIGGER "BADAGRB01"."TS_ADRESY_ADRESS" BEFORE INSERT
ON Adresy FOR EACH ROW
BEGIN
  :new.Nr_adresu := AdresS.nextval;
END;
/
ALTER TRIGGER "BADAGRB01"."TS_ADRESY_ADRESS" ENABLE;
--------------------------------------------------------
--  DDL for Trigger TSU_ADRESY_ADRESS
--------------------------------------------------------

  CREATE OR REPLACE NONEDITIONABLE TRIGGER "BADAGRB01"."TSU_ADRESY_ADRESS" AFTER UPDATE OF Nr_adresu
ON Adresy FOR EACH ROW
BEGIN
  RAISE_APPLICATION_ERROR(-20010,'Cannot update column Nr_adresu in table Adresy as it uses sequence.');
END;
/
ALTER TRIGGER "BADAGRB01"."TSU_ADRESY_ADRESS" ENABLE;
--------------------------------------------------------
--  DDL for Trigger TS_AUDYCJE_AUDYCJAS
--------------------------------------------------------

  CREATE OR REPLACE NONEDITIONABLE TRIGGER "BADAGRB01"."TS_AUDYCJE_AUDYCJAS" BEFORE INSERT
ON Audycje FOR EACH ROW
BEGIN
  :new.Nr_audycji := AudycjaS.nextval;
END;
/
ALTER TRIGGER "BADAGRB01"."TS_AUDYCJE_AUDYCJAS" ENABLE;
--------------------------------------------------------
--  DDL for Trigger TSU_AUDYCJE_AUDYCJAS
--------------------------------------------------------

  CREATE OR REPLACE NONEDITIONABLE TRIGGER "BADAGRB01"."TSU_AUDYCJE_AUDYCJAS" AFTER UPDATE OF Nr_audycji
ON Audycje FOR EACH ROW
BEGIN
  RAISE_APPLICATION_ERROR(-20010,'Cannot update column Nr_audycji in table Audycje as it uses sequence.');
END;
/
ALTER TRIGGER "BADAGRB01"."TSU_AUDYCJE_AUDYCJAS" ENABLE;
--------------------------------------------------------
--  DDL for Trigger TS_AUTORZY_AUTORS
--------------------------------------------------------

  CREATE OR REPLACE NONEDITIONABLE TRIGGER "BADAGRB01"."TS_AUTORZY_AUTORS" BEFORE INSERT
ON Autorzy FOR EACH ROW
BEGIN
  :new.Nr_autora := AutorS.nextval;
END;
/
ALTER TRIGGER "BADAGRB01"."TS_AUTORZY_AUTORS" ENABLE;
--------------------------------------------------------
--  DDL for Trigger TSU_AUTORZY_AUTORS
--------------------------------------------------------

  CREATE OR REPLACE NONEDITIONABLE TRIGGER "BADAGRB01"."TSU_AUTORZY_AUTORS" AFTER UPDATE OF Nr_autora
ON Autorzy FOR EACH ROW
BEGIN
  RAISE_APPLICATION_ERROR(-20010,'Cannot update column Nr_autora in table Autorzy as it uses sequence.');
END;
/
ALTER TRIGGER "BADAGRB01"."TSU_AUTORZY_AUTORS" ENABLE;
--------------------------------------------------------
--  DDL for Trigger TS_GATUNKI_GATUNEKS
--------------------------------------------------------

  CREATE OR REPLACE NONEDITIONABLE TRIGGER "BADAGRB01"."TS_GATUNKI_GATUNEKS" BEFORE INSERT
ON Gatunki FOR EACH ROW
BEGIN
  :new.Nr_gatunku := GatunekS.nextval;
END;
/
ALTER TRIGGER "BADAGRB01"."TS_GATUNKI_GATUNEKS" ENABLE;
--------------------------------------------------------
--  DDL for Trigger TSU_GATUNKI_GATUNEKS
--------------------------------------------------------

  CREATE OR REPLACE NONEDITIONABLE TRIGGER "BADAGRB01"."TSU_GATUNKI_GATUNEKS" AFTER UPDATE OF Nr_gatunku
ON Gatunki FOR EACH ROW
BEGIN
  RAISE_APPLICATION_ERROR(-20010,'Cannot update column Nr_gatunku in table Gatunki as it uses sequence.');
END;
/
ALTER TRIGGER "BADAGRB01"."TSU_GATUNKI_GATUNEKS" ENABLE;
--------------------------------------------------------
--  DDL for Trigger TS_GOSCIE_GOSCS
--------------------------------------------------------

  CREATE OR REPLACE NONEDITIONABLE TRIGGER "BADAGRB01"."TS_GOSCIE_GOSCS" BEFORE INSERT
ON Goscie FOR EACH ROW
BEGIN
  :new.Nr_goscia := GoscS.nextval;
END;
/
ALTER TRIGGER "BADAGRB01"."TS_GOSCIE_GOSCS" ENABLE;
--------------------------------------------------------
--  DDL for Trigger TSU_GOSCIE_GOSCS
--------------------------------------------------------

  CREATE OR REPLACE NONEDITIONABLE TRIGGER "BADAGRB01"."TSU_GOSCIE_GOSCS" AFTER UPDATE OF Nr_goscia
ON Goscie FOR EACH ROW
BEGIN
  RAISE_APPLICATION_ERROR(-20010,'Cannot update column Nr_goscia in table Goscie as it uses sequence.');
END;
/
ALTER TRIGGER "BADAGRB01"."TSU_GOSCIE_GOSCS" ENABLE;
--------------------------------------------------------
--  DDL for Trigger TS_NAGRANIA_NAGRANIES
--------------------------------------------------------

  CREATE OR REPLACE NONEDITIONABLE TRIGGER "BADAGRB01"."TS_NAGRANIA_NAGRANIES" BEFORE INSERT
ON Nagrania FOR EACH ROW
BEGIN
  :new.Nr_nagrania := NagranieS.nextval;
END;
/
ALTER TRIGGER "BADAGRB01"."TS_NAGRANIA_NAGRANIES" ENABLE;
--------------------------------------------------------
--  DDL for Trigger TSU_NAGRANIA_NAGRANIES
--------------------------------------------------------

  CREATE OR REPLACE NONEDITIONABLE TRIGGER "BADAGRB01"."TSU_NAGRANIA_NAGRANIES" AFTER UPDATE OF Nr_nagrania
ON Nagrania FOR EACH ROW
BEGIN
  RAISE_APPLICATION_ERROR(-20010,'Cannot update column Nr_nagrania in table Nagrania as it uses sequence.');
END;
/
ALTER TRIGGER "BADAGRB01"."TSU_NAGRANIA_NAGRANIES" ENABLE;
--------------------------------------------------------
--  DDL for Trigger TS_PRACOWNICY_PRACOWNIKS
--------------------------------------------------------

  CREATE OR REPLACE NONEDITIONABLE TRIGGER "BADAGRB01"."TS_PRACOWNICY_PRACOWNIKS" BEFORE INSERT
ON Pracownicy FOR EACH ROW
BEGIN
  :new.Nr_pracownika := PracownikS.nextval;
END;
/
ALTER TRIGGER "BADAGRB01"."TS_PRACOWNICY_PRACOWNIKS" ENABLE;
--------------------------------------------------------
--  DDL for Trigger TSU_PRACOWNICY_PRACOWNIKS
--------------------------------------------------------

  CREATE OR REPLACE NONEDITIONABLE TRIGGER "BADAGRB01"."TSU_PRACOWNICY_PRACOWNIKS" AFTER UPDATE OF Nr_pracownika
ON Pracownicy FOR EACH ROW
BEGIN
  RAISE_APPLICATION_ERROR(-20010,'Cannot update column Nr_pracownika in table Pracownicy as it uses sequence.');
END;
/
ALTER TRIGGER "BADAGRB01"."TSU_PRACOWNICY_PRACOWNIKS" ENABLE;
--------------------------------------------------------
--  DDL for Trigger TS_REKLAMODAWCY_REKLAMODAWCAS
--------------------------------------------------------

  CREATE OR REPLACE NONEDITIONABLE TRIGGER "BADAGRB01"."TS_REKLAMODAWCY_REKLAMODAWCAS" BEFORE INSERT
ON Reklamodawcy FOR EACH ROW
BEGIN
  :new.Nr_reklamodawcy := ReklamodawcaS.nextval;
END;
/
ALTER TRIGGER "BADAGRB01"."TS_REKLAMODAWCY_REKLAMODAWCAS" ENABLE;
--------------------------------------------------------
--  DDL for Trigger TSU_REKLAMODAWCY_REKLAMODAWCAS
--------------------------------------------------------

  CREATE OR REPLACE NONEDITIONABLE TRIGGER "BADAGRB01"."TSU_REKLAMODAWCY_REKLAMODAWCAS" AFTER UPDATE OF Nr_reklamodawcy
ON Reklamodawcy FOR EACH ROW
BEGIN
  RAISE_APPLICATION_ERROR(-20010,'Cannot update column Nr_reklamodawcy in table Reklamodawcy as it uses sequence.');
END;
/
ALTER TRIGGER "BADAGRB01"."TSU_REKLAMODAWCY_REKLAMODAWCAS" ENABLE;
--------------------------------------------------------
--  DDL for Trigger TS_ROZGLOSNIE_ROZGLOSNIES
--------------------------------------------------------

  CREATE OR REPLACE NONEDITIONABLE TRIGGER "BADAGRB01"."TS_ROZGLOSNIE_ROZGLOSNIES" BEFORE INSERT
ON Rozglosnie FOR EACH ROW
BEGIN
  :new.Nr_rozglosni := RozglosnieS.nextval;
END;
/
ALTER TRIGGER "BADAGRB01"."TS_ROZGLOSNIE_ROZGLOSNIES" ENABLE;
--------------------------------------------------------
--  DDL for Trigger TSU_ROZGLOSNIE_ROZGLOSNIES
--------------------------------------------------------

  CREATE OR REPLACE NONEDITIONABLE TRIGGER "BADAGRB01"."TSU_ROZGLOSNIE_ROZGLOSNIES" AFTER UPDATE OF Nr_rozglosni
ON Rozglosnie FOR EACH ROW
BEGIN
  RAISE_APPLICATION_ERROR(-20010,'Cannot update column Nr_rozglosni in table Rozglosnie as it uses sequence.');
END;
/
ALTER TRIGGER "BADAGRB01"."TSU_ROZGLOSNIE_ROZGLOSNIES" ENABLE;
--------------------------------------------------------
--  DDL for Trigger TSU_SPRZETY_SPRZETS
--------------------------------------------------------

  CREATE OR REPLACE NONEDITIONABLE TRIGGER "BADAGRB01"."TSU_SPRZETY_SPRZETS" AFTER UPDATE OF Nr_sprzetu
ON Sprzety FOR EACH ROW
BEGIN
  RAISE_APPLICATION_ERROR(-20010,'Cannot update column Nr_sprzetu in table Sprzety as it uses sequence.');
END;
/
ALTER TRIGGER "BADAGRB01"."TSU_SPRZETY_SPRZETS" ENABLE;
--------------------------------------------------------
--  DDL for Trigger TS_SPRZETY_SPRZETS
--------------------------------------------------------

  CREATE OR REPLACE NONEDITIONABLE TRIGGER "BADAGRB01"."TS_SPRZETY_SPRZETS" BEFORE INSERT
ON Sprzety FOR EACH ROW
BEGIN
  :new.Nr_sprzetu := SprzetS.nextval;
END;
/
ALTER TRIGGER "BADAGRB01"."TS_SPRZETY_SPRZETS" ENABLE;
--------------------------------------------------------
--  DDL for Trigger TS_STANOWISKO_STANOWISKOS
--------------------------------------------------------

  CREATE OR REPLACE NONEDITIONABLE TRIGGER "BADAGRB01"."TS_STANOWISKO_STANOWISKOS" BEFORE INSERT
ON Stanowisko FOR EACH ROW
BEGIN
  :new.Nr_stanowiska := StanowiskoS.nextval;
END;
/
ALTER TRIGGER "BADAGRB01"."TS_STANOWISKO_STANOWISKOS" ENABLE;
--------------------------------------------------------
--  DDL for Trigger TSU_STANOWISKO_STANOWISKOS
--------------------------------------------------------

  CREATE OR REPLACE NONEDITIONABLE TRIGGER "BADAGRB01"."TSU_STANOWISKO_STANOWISKOS" AFTER UPDATE OF Nr_stanowiska
ON Stanowisko FOR EACH ROW
BEGIN
  RAISE_APPLICATION_ERROR(-20010,'Cannot update column Nr_stanowiska in table Stanowisko as it uses sequence.');
END;
/
ALTER TRIGGER "BADAGRB01"."TSU_STANOWISKO_STANOWISKOS" ENABLE;
--------------------------------------------------------
--  DDL for Trigger TS_WLASCICIELE_WLASCICIELS
--------------------------------------------------------

  CREATE OR REPLACE NONEDITIONABLE TRIGGER "BADAGRB01"."TS_WLASCICIELE_WLASCICIELS" BEFORE INSERT
ON Wlasciciele FOR EACH ROW
BEGIN
  :new.Nr_wlasciciela := WlascicielS.nextval;
END;
/
ALTER TRIGGER "BADAGRB01"."TS_WLASCICIELE_WLASCICIELS" ENABLE;
--------------------------------------------------------
--  DDL for Trigger TSU_WLASCICIELE_WLASCICIELS
--------------------------------------------------------

  CREATE OR REPLACE NONEDITIONABLE TRIGGER "BADAGRB01"."TSU_WLASCICIELE_WLASCICIELS" AFTER UPDATE OF Nr_wlasciciela
ON Wlasciciele FOR EACH ROW
BEGIN
  RAISE_APPLICATION_ERROR(-20010,'Cannot update column Nr_wlasciciela in table Wlasciciele as it uses sequence.');
END;
/
ALTER TRIGGER "BADAGRB01"."TSU_WLASCICIELE_WLASCICIELS" ENABLE;
--------------------------------------------------------
--  Constraints for Table ADRESY
--------------------------------------------------------

  ALTER TABLE "BADAGRB01"."ADRESY" MODIFY ("NR_ADRESU" NOT NULL ENABLE);
  ALTER TABLE "BADAGRB01"."ADRESY" MODIFY ("MIASTO" NOT NULL ENABLE);
  ALTER TABLE "BADAGRB01"."ADRESY" MODIFY ("ULICA" NOT NULL ENABLE);
  ALTER TABLE "BADAGRB01"."ADRESY" MODIFY ("NR_LOKALU" NOT NULL ENABLE);
  ALTER TABLE "BADAGRB01"."ADRESY" ADD CONSTRAINT "PK_ADRESY" PRIMARY KEY ("NR_ADRESU")
  USING INDEX PCTFREE 10 INITRANS 2 MAXTRANS 255 COMPUTE STATISTICS 
  STORAGE(INITIAL 65536 NEXT 1048576 MINEXTENTS 1 MAXEXTENTS 2147483645
  PCTINCREASE 0 FREELISTS 1 FREELIST GROUPS 1
  BUFFER_POOL DEFAULT FLASH_CACHE DEFAULT CELL_FLASH_CACHE DEFAULT)
  TABLESPACE "USERS"  ENABLE;
--------------------------------------------------------
--  Constraints for Table AUDYCJE
--------------------------------------------------------

  ALTER TABLE "BADAGRB01"."AUDYCJE" MODIFY ("NR_AUDYCJI" NOT NULL ENABLE);
  ALTER TABLE "BADAGRB01"."AUDYCJE" MODIFY ("DATA" NOT NULL ENABLE);
  ALTER TABLE "BADAGRB01"."AUDYCJE" MODIFY ("CZAS_TRWANIA" NOT NULL ENABLE);
  ALTER TABLE "BADAGRB01"."AUDYCJE" MODIFY ("NR_ROZGLOSNI" NOT NULL ENABLE);
  ALTER TABLE "BADAGRB01"."AUDYCJE" ADD CONSTRAINT "AUDYCJAPK" PRIMARY KEY ("NR_AUDYCJI")
  USING INDEX PCTFREE 10 INITRANS 2 MAXTRANS 255 COMPUTE STATISTICS 
  STORAGE(INITIAL 65536 NEXT 1048576 MINEXTENTS 1 MAXEXTENTS 2147483645
  PCTINCREASE 0 FREELISTS 1 FREELIST GROUPS 1
  BUFFER_POOL DEFAULT FLASH_CACHE DEFAULT CELL_FLASH_CACHE DEFAULT)
  TABLESPACE "USERS"  ENABLE;
--------------------------------------------------------
--  Constraints for Table AUTORZY
--------------------------------------------------------

  ALTER TABLE "BADAGRB01"."AUTORZY" MODIFY ("NR_AUTORA" NOT NULL ENABLE);
  ALTER TABLE "BADAGRB01"."AUTORZY" MODIFY ("NAZWA" NOT NULL ENABLE);
  ALTER TABLE "BADAGRB01"."AUTORZY" MODIFY ("DEBIUT" NOT NULL ENABLE);
  ALTER TABLE "BADAGRB01"."AUTORZY" MODIFY ("LICZBA_CZLONKOW" NOT NULL ENABLE);
  ALTER TABLE "BADAGRB01"."AUTORZY" MODIFY ("NR_ROZGLOSNI" NOT NULL ENABLE);
  ALTER TABLE "BADAGRB01"."AUTORZY" ADD CONSTRAINT "PK_AUTORZY" PRIMARY KEY ("NR_AUTORA")
  USING INDEX PCTFREE 10 INITRANS 2 MAXTRANS 255 COMPUTE STATISTICS 
  STORAGE(INITIAL 65536 NEXT 1048576 MINEXTENTS 1 MAXEXTENTS 2147483645
  PCTINCREASE 0 FREELISTS 1 FREELIST GROUPS 1
  BUFFER_POOL DEFAULT FLASH_CACHE DEFAULT CELL_FLASH_CACHE DEFAULT)
  TABLESPACE "USERS"  ENABLE;
--------------------------------------------------------
--  Constraints for Table GATUNKI
--------------------------------------------------------

  ALTER TABLE "BADAGRB01"."GATUNKI" MODIFY ("NR_ROZGLOSNI" NOT NULL ENABLE);
  ALTER TABLE "BADAGRB01"."GATUNKI" MODIFY ("NR_GATUNKU" NOT NULL ENABLE);
  ALTER TABLE "BADAGRB01"."GATUNKI" MODIFY ("NAZWA" NOT NULL ENABLE);
  ALTER TABLE "BADAGRB01"."GATUNKI" ADD CONSTRAINT "PK_GATUNKI" PRIMARY KEY ("NR_GATUNKU")
  USING INDEX PCTFREE 10 INITRANS 2 MAXTRANS 255 COMPUTE STATISTICS 
  STORAGE(INITIAL 65536 NEXT 1048576 MINEXTENTS 1 MAXEXTENTS 2147483645
  PCTINCREASE 0 FREELISTS 1 FREELIST GROUPS 1
  BUFFER_POOL DEFAULT FLASH_CACHE DEFAULT CELL_FLASH_CACHE DEFAULT)
  TABLESPACE "USERS"  ENABLE;
  ALTER TABLE "BADAGRB01"."GATUNKI" ADD CONSTRAINT "NAZWA" UNIQUE ("NAZWA")
  USING INDEX PCTFREE 10 INITRANS 2 MAXTRANS 255 COMPUTE STATISTICS 
  STORAGE(INITIAL 65536 NEXT 1048576 MINEXTENTS 1 MAXEXTENTS 2147483645
  PCTINCREASE 0 FREELISTS 1 FREELIST GROUPS 1
  BUFFER_POOL DEFAULT FLASH_CACHE DEFAULT CELL_FLASH_CACHE DEFAULT)
  TABLESPACE "USERS"  ENABLE;
--------------------------------------------------------
--  Constraints for Table GOSCIE
--------------------------------------------------------

  ALTER TABLE "BADAGRB01"."GOSCIE" MODIFY ("NR_GOSCIA" NOT NULL ENABLE);
  ALTER TABLE "BADAGRB01"."GOSCIE" MODIFY ("IMIE" NOT NULL ENABLE);
  ALTER TABLE "BADAGRB01"."GOSCIE" MODIFY ("NAZWISKO" NOT NULL ENABLE);
  ALTER TABLE "BADAGRB01"."GOSCIE" MODIFY ("NR_TELEFONU" NOT NULL ENABLE);
  ALTER TABLE "BADAGRB01"."GOSCIE" MODIFY ("NR_ROZGLOSNI" NOT NULL ENABLE);
  ALTER TABLE "BADAGRB01"."GOSCIE" ADD CONSTRAINT "GOSCPK" PRIMARY KEY ("NR_GOSCIA")
  USING INDEX PCTFREE 10 INITRANS 2 MAXTRANS 255 COMPUTE STATISTICS 
  STORAGE(INITIAL 65536 NEXT 1048576 MINEXTENTS 1 MAXEXTENTS 2147483645
  PCTINCREASE 0 FREELISTS 1 FREELIST GROUPS 1
  BUFFER_POOL DEFAULT FLASH_CACHE DEFAULT CELL_FLASH_CACHE DEFAULT)
  TABLESPACE "USERS"  ENABLE;
--------------------------------------------------------
--  Constraints for Table GOSCIE_AUDYCJE
--------------------------------------------------------

  ALTER TABLE "BADAGRB01"."GOSCIE_AUDYCJE" MODIFY ("NR_GOSCIA" NOT NULL ENABLE);
  ALTER TABLE "BADAGRB01"."GOSCIE_AUDYCJE" MODIFY ("NR_AUDYCJI" NOT NULL ENABLE);
--------------------------------------------------------
--  Constraints for Table NAGRANIA
--------------------------------------------------------

  ALTER TABLE "BADAGRB01"."NAGRANIA" MODIFY ("NR_NAGRANIA" NOT NULL ENABLE);
  ALTER TABLE "BADAGRB01"."NAGRANIA" MODIFY ("CZAS_TRWANIA" NOT NULL ENABLE);
  ALTER TABLE "BADAGRB01"."NAGRANIA" MODIFY ("TYTUL" NOT NULL ENABLE);
  ALTER TABLE "BADAGRB01"."NAGRANIA" MODIFY ("NR_ROZGLOSNI" NOT NULL ENABLE);
  ALTER TABLE "BADAGRB01"."NAGRANIA" ADD CONSTRAINT "NAGRANIEPK" PRIMARY KEY ("NR_NAGRANIA")
  USING INDEX PCTFREE 10 INITRANS 2 MAXTRANS 255 COMPUTE STATISTICS 
  STORAGE(INITIAL 65536 NEXT 1048576 MINEXTENTS 1 MAXEXTENTS 2147483645
  PCTINCREASE 0 FREELISTS 1 FREELIST GROUPS 1
  BUFFER_POOL DEFAULT FLASH_CACHE DEFAULT CELL_FLASH_CACHE DEFAULT)
  TABLESPACE "USERS"  ENABLE;
--------------------------------------------------------
--  Constraints for Table NAGRANIE_AUDYCJA
--------------------------------------------------------

  ALTER TABLE "BADAGRB01"."NAGRANIE_AUDYCJA" MODIFY ("NR_NAGRANIA" NOT NULL ENABLE);
  ALTER TABLE "BADAGRB01"."NAGRANIE_AUDYCJA" MODIFY ("NR_AUDYCJI" NOT NULL ENABLE);
--------------------------------------------------------
--  Constraints for Table PRACOWNICY
--------------------------------------------------------

  ALTER TABLE "BADAGRB01"."PRACOWNICY" MODIFY ("NR_PRACOWNIKA" NOT NULL ENABLE);
  ALTER TABLE "BADAGRB01"."PRACOWNICY" MODIFY ("IMIE" NOT NULL ENABLE);
  ALTER TABLE "BADAGRB01"."PRACOWNICY" MODIFY ("NAZWISKO" NOT NULL ENABLE);
  ALTER TABLE "BADAGRB01"."PRACOWNICY" MODIFY ("DATA_URODZENIA" NOT NULL ENABLE);
  ALTER TABLE "BADAGRB01"."PRACOWNICY" MODIFY ("PLEC" NOT NULL ENABLE);
  ALTER TABLE "BADAGRB01"."PRACOWNICY" MODIFY ("DATA_ZATRUDNIENIA" NOT NULL ENABLE);
  ALTER TABLE "BADAGRB01"."PRACOWNICY" MODIFY ("NR_ROZGLOSNI" NOT NULL ENABLE);
  ALTER TABLE "BADAGRB01"."PRACOWNICY" MODIFY ("NR_ADRESU" NOT NULL ENABLE);
  ALTER TABLE "BADAGRB01"."PRACOWNICY" MODIFY ("NR_STANOWISKA" NOT NULL ENABLE);
  ALTER TABLE "BADAGRB01"."PRACOWNICY" ADD CONSTRAINT "CHECKCONSTRAINTPLEC" CHECK (Plec IN ('K','M')) ENABLE;
  ALTER TABLE "BADAGRB01"."PRACOWNICY" ADD CONSTRAINT "PRACOWNIKPK" PRIMARY KEY ("NR_PRACOWNIKA")
  USING INDEX PCTFREE 10 INITRANS 2 MAXTRANS 255 COMPUTE STATISTICS 
  STORAGE(INITIAL 65536 NEXT 1048576 MINEXTENTS 1 MAXEXTENTS 2147483645
  PCTINCREASE 0 FREELISTS 1 FREELIST GROUPS 1
  BUFFER_POOL DEFAULT FLASH_CACHE DEFAULT CELL_FLASH_CACHE DEFAULT)
  TABLESPACE "USERS"  ENABLE;
--------------------------------------------------------
--  Constraints for Table PRACOWNICY_AUDYCJE
--------------------------------------------------------

  ALTER TABLE "BADAGRB01"."PRACOWNICY_AUDYCJE" MODIFY ("NR_PRACOWNIKA" NOT NULL ENABLE);
  ALTER TABLE "BADAGRB01"."PRACOWNICY_AUDYCJE" MODIFY ("NR_AUDYCJI" NOT NULL ENABLE);
--------------------------------------------------------
--  Constraints for Table PRACOWNICY_SPRZETY
--------------------------------------------------------

  ALTER TABLE "BADAGRB01"."PRACOWNICY_SPRZETY" MODIFY ("NR_PRACOWNIKA" NOT NULL ENABLE);
  ALTER TABLE "BADAGRB01"."PRACOWNICY_SPRZETY" MODIFY ("NR_SPRZETU" NOT NULL ENABLE);
--------------------------------------------------------
--  Constraints for Table REKLAMODAWCY
--------------------------------------------------------

  ALTER TABLE "BADAGRB01"."REKLAMODAWCY" MODIFY ("NR_REKLAMODAWCY" NOT NULL ENABLE);
  ALTER TABLE "BADAGRB01"."REKLAMODAWCY" MODIFY ("NR_TELEFONU" NOT NULL ENABLE);
  ALTER TABLE "BADAGRB01"."REKLAMODAWCY" MODIFY ("IMIE" NOT NULL ENABLE);
  ALTER TABLE "BADAGRB01"."REKLAMODAWCY" MODIFY ("NAZWISKO" NOT NULL ENABLE);
  ALTER TABLE "BADAGRB01"."REKLAMODAWCY" ADD CONSTRAINT "REKLAMODAWCAPK" PRIMARY KEY ("NR_REKLAMODAWCY")
  USING INDEX PCTFREE 10 INITRANS 2 MAXTRANS 255 COMPUTE STATISTICS 
  STORAGE(INITIAL 65536 NEXT 1048576 MINEXTENTS 1 MAXEXTENTS 2147483645
  PCTINCREASE 0 FREELISTS 1 FREELIST GROUPS 1
  BUFFER_POOL DEFAULT FLASH_CACHE DEFAULT CELL_FLASH_CACHE DEFAULT)
  TABLESPACE "USERS"  ENABLE;
--------------------------------------------------------
--  Constraints for Table REKLAMY
--------------------------------------------------------

  ALTER TABLE "BADAGRB01"."REKLAMY" MODIFY ("NR_NAGRANIA" NOT NULL ENABLE);
  ALTER TABLE "BADAGRB01"."REKLAMY" MODIFY ("TRANSKRYPT" NOT NULL ENABLE);
  ALTER TABLE "BADAGRB01"."REKLAMY" MODIFY ("DATA_OD" NOT NULL ENABLE);
  ALTER TABLE "BADAGRB01"."REKLAMY" MODIFY ("DATA_DO" NOT NULL ENABLE);
  ALTER TABLE "BADAGRB01"."REKLAMY" MODIFY ("CENA" NOT NULL ENABLE);
  ALTER TABLE "BADAGRB01"."REKLAMY" MODIFY ("ODTWORZENIA" NOT NULL ENABLE);
  ALTER TABLE "BADAGRB01"."REKLAMY" MODIFY ("NR_REKLAMODAWCY" NOT NULL ENABLE);
  ALTER TABLE "BADAGRB01"."REKLAMY" ADD CONSTRAINT "REKLAMAPK" PRIMARY KEY ("NR_NAGRANIA")
  USING INDEX PCTFREE 10 INITRANS 2 MAXTRANS 255 COMPUTE STATISTICS 
  STORAGE(INITIAL 65536 NEXT 1048576 MINEXTENTS 1 MAXEXTENTS 2147483645
  PCTINCREASE 0 FREELISTS 1 FREELIST GROUPS 1
  BUFFER_POOL DEFAULT FLASH_CACHE DEFAULT CELL_FLASH_CACHE DEFAULT)
  TABLESPACE "USERS"  ENABLE;
--------------------------------------------------------
--  Constraints for Table REPORTERZY
--------------------------------------------------------

  ALTER TABLE "BADAGRB01"."REPORTERZY" MODIFY ("LEGITYMACJA_PRASOWA" NOT NULL ENABLE);
  ALTER TABLE "BADAGRB01"."REPORTERZY" MODIFY ("NR_PRACOWNIKA" NOT NULL ENABLE);
  ALTER TABLE "BADAGRB01"."REPORTERZY" ADD CONSTRAINT "CHECKCONSTRAINTPRAWOJAZDY" CHECK (Prawo_jazdy IN('A','B','C','D','Inne')) ENABLE;
  ALTER TABLE "BADAGRB01"."REPORTERZY" ADD CONSTRAINT "CHECKCONSTRAINTLEGITYMACJAPRASOWA" CHECK (Legitymacja_prasowa IN ('Tak','Nie')) ENABLE;
  ALTER TABLE "BADAGRB01"."REPORTERZY" ADD CONSTRAINT "UNIQUE_IDENTIFIER2" PRIMARY KEY ("NR_PRACOWNIKA")
  USING INDEX PCTFREE 10 INITRANS 2 MAXTRANS 255 COMPUTE STATISTICS 
  STORAGE(INITIAL 65536 NEXT 1048576 MINEXTENTS 1 MAXEXTENTS 2147483645
  PCTINCREASE 0 FREELISTS 1 FREELIST GROUPS 1
  BUFFER_POOL DEFAULT FLASH_CACHE DEFAULT CELL_FLASH_CACHE DEFAULT)
  TABLESPACE "USERS"  ENABLE;
--------------------------------------------------------
--  Constraints for Table ROZGLOSNIE
--------------------------------------------------------

  ALTER TABLE "BADAGRB01"."ROZGLOSNIE" MODIFY ("NR_ROZGLOSNI" NOT NULL ENABLE);
  ALTER TABLE "BADAGRB01"."ROZGLOSNIE" MODIFY ("NAZWA" NOT NULL ENABLE);
  ALTER TABLE "BADAGRB01"."ROZGLOSNIE" MODIFY ("DATA_ZALOZENIA" NOT NULL ENABLE);
  ALTER TABLE "BADAGRB01"."ROZGLOSNIE" MODIFY ("NR_ADRESU" NOT NULL ENABLE);
  ALTER TABLE "BADAGRB01"."ROZGLOSNIE" ADD CONSTRAINT "ROZGLOSNIAPK" PRIMARY KEY ("NR_ROZGLOSNI")
  USING INDEX PCTFREE 10 INITRANS 2 MAXTRANS 255 COMPUTE STATISTICS 
  STORAGE(INITIAL 65536 NEXT 1048576 MINEXTENTS 1 MAXEXTENTS 2147483645
  PCTINCREASE 0 FREELISTS 1 FREELIST GROUPS 1
  BUFFER_POOL DEFAULT FLASH_CACHE DEFAULT CELL_FLASH_CACHE DEFAULT)
  TABLESPACE "USERS"  ENABLE;
--------------------------------------------------------
--  Constraints for Table SPRZETY
--------------------------------------------------------

  ALTER TABLE "BADAGRB01"."SPRZETY" MODIFY ("NR_SPRZETU" NOT NULL ENABLE);
  ALTER TABLE "BADAGRB01"."SPRZETY" MODIFY ("NAZWA" NOT NULL ENABLE);
  ALTER TABLE "BADAGRB01"."SPRZETY" MODIFY ("CENA" NOT NULL ENABLE);
  ALTER TABLE "BADAGRB01"."SPRZETY" MODIFY ("NR_ROZGLOSNI" NOT NULL ENABLE);
  ALTER TABLE "BADAGRB01"."SPRZETY" ADD CONSTRAINT "CHECKCONSTRAINTSPRZET" CHECK (Nazwa IN ('Mikrofon','Kabel','Przejsciowka','Statyw','Dyktafon','Instrument','Konsoleta','Monitor','Komputer','Inne')) ENABLE;
  ALTER TABLE "BADAGRB01"."SPRZETY" ADD CONSTRAINT "SPRZETPK" PRIMARY KEY ("NR_SPRZETU")
  USING INDEX PCTFREE 10 INITRANS 2 MAXTRANS 255 COMPUTE STATISTICS 
  STORAGE(INITIAL 65536 NEXT 1048576 MINEXTENTS 1 MAXEXTENTS 2147483645
  PCTINCREASE 0 FREELISTS 1 FREELIST GROUPS 1
  BUFFER_POOL DEFAULT FLASH_CACHE DEFAULT CELL_FLASH_CACHE DEFAULT)
  TABLESPACE "USERS"  ENABLE;
--------------------------------------------------------
--  Constraints for Table STANOWISKO
--------------------------------------------------------

  ALTER TABLE "BADAGRB01"."STANOWISKO" MODIFY ("NR_STANOWISKA" NOT NULL ENABLE);
  ALTER TABLE "BADAGRB01"."STANOWISKO" MODIFY ("NAZWA" NOT NULL ENABLE);
  ALTER TABLE "BADAGRB01"."STANOWISKO" ADD CONSTRAINT "PK_STANOWISKO" PRIMARY KEY ("NR_STANOWISKA")
  USING INDEX PCTFREE 10 INITRANS 2 MAXTRANS 255 COMPUTE STATISTICS 
  STORAGE(INITIAL 65536 NEXT 1048576 MINEXTENTS 1 MAXEXTENTS 2147483645
  PCTINCREASE 0 FREELISTS 1 FREELIST GROUPS 1
  BUFFER_POOL DEFAULT FLASH_CACHE DEFAULT CELL_FLASH_CACHE DEFAULT)
  TABLESPACE "USERS"  ENABLE;
--------------------------------------------------------
--  Constraints for Table UTWORY
--------------------------------------------------------

  ALTER TABLE "BADAGRB01"."UTWORY" MODIFY ("NR_NAGRANIA" NOT NULL ENABLE);
  ALTER TABLE "BADAGRB01"."UTWORY" MODIFY ("ALBUM" NOT NULL ENABLE);
  ALTER TABLE "BADAGRB01"."UTWORY" MODIFY ("LICENCJA" NOT NULL ENABLE);
  ALTER TABLE "BADAGRB01"."UTWORY" ADD CONSTRAINT "CHECKCONSTRAINTLICENCJA" CHECK (Licencja IN ('Tak','Nie')) ENABLE;
  ALTER TABLE "BADAGRB01"."UTWORY" ADD CONSTRAINT "UTWORPK" PRIMARY KEY ("NR_NAGRANIA")
  USING INDEX PCTFREE 10 INITRANS 2 MAXTRANS 255 COMPUTE STATISTICS 
  STORAGE(INITIAL 65536 NEXT 1048576 MINEXTENTS 1 MAXEXTENTS 2147483645
  PCTINCREASE 0 FREELISTS 1 FREELIST GROUPS 1
  BUFFER_POOL DEFAULT FLASH_CACHE DEFAULT CELL_FLASH_CACHE DEFAULT)
  TABLESPACE "USERS"  ENABLE;
--------------------------------------------------------
--  Constraints for Table UTWORY_AUTORZY
--------------------------------------------------------

  ALTER TABLE "BADAGRB01"."UTWORY_AUTORZY" MODIFY ("NR_NAGRANIA" NOT NULL ENABLE);
  ALTER TABLE "BADAGRB01"."UTWORY_AUTORZY" MODIFY ("NR_AUTORA" NOT NULL ENABLE);
  ALTER TABLE "BADAGRB01"."UTWORY_AUTORZY" ADD CONSTRAINT "PK_UTWORY_AUTORZY" PRIMARY KEY ("NR_NAGRANIA", "NR_AUTORA")
  USING INDEX PCTFREE 10 INITRANS 2 MAXTRANS 255 COMPUTE STATISTICS 
  STORAGE(INITIAL 65536 NEXT 1048576 MINEXTENTS 1 MAXEXTENTS 2147483645
  PCTINCREASE 0 FREELISTS 1 FREELIST GROUPS 1
  BUFFER_POOL DEFAULT FLASH_CACHE DEFAULT CELL_FLASH_CACHE DEFAULT)
  TABLESPACE "USERS"  ENABLE;
--------------------------------------------------------
--  Constraints for Table UTWORY_GATUNKI
--------------------------------------------------------

  ALTER TABLE "BADAGRB01"."UTWORY_GATUNKI" MODIFY ("NR_NAGRANIA" NOT NULL ENABLE);
  ALTER TABLE "BADAGRB01"."UTWORY_GATUNKI" MODIFY ("NR_GATUNKU" NOT NULL ENABLE);
  ALTER TABLE "BADAGRB01"."UTWORY_GATUNKI" ADD CONSTRAINT "PK_UTWORY_GATUNKI" PRIMARY KEY ("NR_NAGRANIA", "NR_GATUNKU")
  USING INDEX PCTFREE 10 INITRANS 2 MAXTRANS 255 COMPUTE STATISTICS 
  STORAGE(INITIAL 65536 NEXT 1048576 MINEXTENTS 1 MAXEXTENTS 2147483645
  PCTINCREASE 0 FREELISTS 1 FREELIST GROUPS 1
  BUFFER_POOL DEFAULT FLASH_CACHE DEFAULT CELL_FLASH_CACHE DEFAULT)
  TABLESPACE "USERS"  ENABLE;
--------------------------------------------------------
--  Constraints for Table WLASCICIELE
--------------------------------------------------------

  ALTER TABLE "BADAGRB01"."WLASCICIELE" MODIFY ("NR_WLASCICIELA" NOT NULL ENABLE);
  ALTER TABLE "BADAGRB01"."WLASCICIELE" MODIFY ("IMIE" NOT NULL ENABLE);
  ALTER TABLE "BADAGRB01"."WLASCICIELE" MODIFY ("NAZWISKO" NOT NULL ENABLE);
  ALTER TABLE "BADAGRB01"."WLASCICIELE" MODIFY ("NR_ADRESU" NOT NULL ENABLE);
  ALTER TABLE "BADAGRB01"."WLASCICIELE" MODIFY ("NR_ROZGLOSNI" NOT NULL ENABLE);
  ALTER TABLE "BADAGRB01"."WLASCICIELE" ADD CONSTRAINT "PK_WLASCICIELE" PRIMARY KEY ("NR_WLASCICIELA")
  USING INDEX PCTFREE 10 INITRANS 2 MAXTRANS 255 COMPUTE STATISTICS 
  STORAGE(INITIAL 65536 NEXT 1048576 MINEXTENTS 1 MAXEXTENTS 2147483645
  PCTINCREASE 0 FREELISTS 1 FREELIST GROUPS 1
  BUFFER_POOL DEFAULT FLASH_CACHE DEFAULT CELL_FLASH_CACHE DEFAULT)
  TABLESPACE "USERS"  ENABLE;
--------------------------------------------------------
--  Ref Constraints for Table AUDYCJE
--------------------------------------------------------

  ALTER TABLE "BADAGRB01"."AUDYCJE" ADD CONSTRAINT "NADAJE" FOREIGN KEY ("NR_ROZGLOSNI")
	  REFERENCES "BADAGRB01"."ROZGLOSNIE" ("NR_ROZGLOSNI") ENABLE;
--------------------------------------------------------
--  Ref Constraints for Table AUTORZY
--------------------------------------------------------

  ALTER TABLE "BADAGRB01"."AUTORZY" ADD CONSTRAINT "MA_W_BAZIE_ARTYSTOW" FOREIGN KEY ("NR_ROZGLOSNI")
	  REFERENCES "BADAGRB01"."ROZGLOSNIE" ("NR_ROZGLOSNI") ENABLE;
--------------------------------------------------------
--  Ref Constraints for Table GATUNKI
--------------------------------------------------------

  ALTER TABLE "BADAGRB01"."GATUNKI" ADD CONSTRAINT "ROZGŁOŚNIA_NADAJE_GATUNKI" FOREIGN KEY ("NR_ROZGLOSNI")
	  REFERENCES "BADAGRB01"."ROZGLOSNIE" ("NR_ROZGLOSNI") ENABLE;
--------------------------------------------------------
--  Ref Constraints for Table GOSCIE
--------------------------------------------------------

  ALTER TABLE "BADAGRB01"."GOSCIE" ADD CONSTRAINT "ZAPRASZA" FOREIGN KEY ("NR_ROZGLOSNI")
	  REFERENCES "BADAGRB01"."ROZGLOSNIE" ("NR_ROZGLOSNI") ENABLE;
--------------------------------------------------------
--  Ref Constraints for Table NAGRANIA
--------------------------------------------------------

  ALTER TABLE "BADAGRB01"."NAGRANIA" ADD CONSTRAINT "MA_W_BAZIE" FOREIGN KEY ("NR_ROZGLOSNI")
	  REFERENCES "BADAGRB01"."ROZGLOSNIE" ("NR_ROZGLOSNI") ENABLE;
--------------------------------------------------------
--  Ref Constraints for Table PRACOWNICY
--------------------------------------------------------

  ALTER TABLE "BADAGRB01"."PRACOWNICY" ADD CONSTRAINT "ZATRUDNIA" FOREIGN KEY ("NR_ROZGLOSNI")
	  REFERENCES "BADAGRB01"."ROZGLOSNIE" ("NR_ROZGLOSNI") ENABLE;
  ALTER TABLE "BADAGRB01"."PRACOWNICY" ADD CONSTRAINT "PRACOWNIK_MA_ADRES" FOREIGN KEY ("NR_ADRESU")
	  REFERENCES "BADAGRB01"."ADRESY" ("NR_ADRESU") ENABLE;
  ALTER TABLE "BADAGRB01"."PRACOWNICY" ADD CONSTRAINT "MA_STANOWISKO" FOREIGN KEY ("NR_STANOWISKA")
	  REFERENCES "BADAGRB01"."STANOWISKO" ("NR_STANOWISKA") ENABLE;
--------------------------------------------------------
--  Ref Constraints for Table REKLAMY
--------------------------------------------------------

  ALTER TABLE "BADAGRB01"."REKLAMY" ADD CONSTRAINT "ZLECA" FOREIGN KEY ("NR_REKLAMODAWCY")
	  REFERENCES "BADAGRB01"."REKLAMODAWCY" ("NR_REKLAMODAWCY") ENABLE;
--------------------------------------------------------
--  Ref Constraints for Table ROZGLOSNIE
--------------------------------------------------------

  ALTER TABLE "BADAGRB01"."ROZGLOSNIE" ADD CONSTRAINT "ROZGLOSNIA_MA_ADRES" FOREIGN KEY ("NR_ADRESU")
	  REFERENCES "BADAGRB01"."ADRESY" ("NR_ADRESU") ENABLE;
--------------------------------------------------------
--  Ref Constraints for Table SPRZETY
--------------------------------------------------------

  ALTER TABLE "BADAGRB01"."SPRZETY" ADD CONSTRAINT "POSIADA" FOREIGN KEY ("NR_ROZGLOSNI")
	  REFERENCES "BADAGRB01"."ROZGLOSNIE" ("NR_ROZGLOSNI") ENABLE;
--------------------------------------------------------
--  Ref Constraints for Table UTWORY_AUTORZY
--------------------------------------------------------

  ALTER TABLE "BADAGRB01"."UTWORY_AUTORZY" ADD CONSTRAINT "UTWOR_MA_AUTORA" FOREIGN KEY ("NR_NAGRANIA")
	  REFERENCES "BADAGRB01"."UTWORY" ("NR_NAGRANIA") ENABLE;
  ALTER TABLE "BADAGRB01"."UTWORY_AUTORZY" ADD CONSTRAINT "AUTOR_MA_UTWOR" FOREIGN KEY ("NR_AUTORA")
	  REFERENCES "BADAGRB01"."AUTORZY" ("NR_AUTORA") ENABLE;
--------------------------------------------------------
--  Ref Constraints for Table UTWORY_GATUNKI
--------------------------------------------------------

  ALTER TABLE "BADAGRB01"."UTWORY_GATUNKI" ADD CONSTRAINT "UTWOR_MA_GATUNEK" FOREIGN KEY ("NR_NAGRANIA")
	  REFERENCES "BADAGRB01"."UTWORY" ("NR_NAGRANIA") ENABLE;
  ALTER TABLE "BADAGRB01"."UTWORY_GATUNKI" ADD CONSTRAINT "GATUNEK_CECHUJE_UTWOR" FOREIGN KEY ("NR_GATUNKU")
	  REFERENCES "BADAGRB01"."GATUNKI" ("NR_GATUNKU") ENABLE;
--------------------------------------------------------
--  Ref Constraints for Table WLASCICIELE
--------------------------------------------------------

  ALTER TABLE "BADAGRB01"."WLASCICIELE" ADD CONSTRAINT "WLASCICIEL_MA_ADRES" FOREIGN KEY ("NR_ADRESU")
	  REFERENCES "BADAGRB01"."ADRESY" ("NR_ADRESU") ENABLE;
  ALTER TABLE "BADAGRB01"."WLASCICIELE" ADD CONSTRAINT "ROZGLOSNIA_MA_WLASCICIELA" FOREIGN KEY ("NR_ROZGLOSNI")
	  REFERENCES "BADAGRB01"."ROZGLOSNIE" ("NR_ROZGLOSNI") ENABLE;
